-- phpMyAdmin SQL Dump
-- version 4.8.2
-- https://www.phpmyadmin.net/
--
-- Host: 127.0.0.1
-- Generation Time: 03 ديسمبر 2024 الساعة 10:44
-- إصدار الخادم: 10.1.34-MariaDB
-- PHP Version: 7.2.8

SET SQL_MODE = "NO_AUTO_VALUE_ON_ZERO";
SET AUTOCOMMIT = 0;
START TRANSACTION;
SET time_zone = "+00:00";


/*!40101 SET @OLD_CHARACTER_SET_CLIENT=@@CHARACTER_SET_CLIENT */;
/*!40101 SET @OLD_CHARACTER_SET_RESULTS=@@CHARACTER_SET_RESULTS */;
/*!40101 SET @OLD_COLLATION_CONNECTION=@@COLLATION_CONNECTION */;
/*!40101 SET NAMES utf8mb4 */;

--
-- Database: `takamol2023`
--

-- --------------------------------------------------------

--
-- بنية الجدول `alarms`
--

CREATE TABLE `alarms` (
  `id` int(11) NOT NULL,
  `shipid` int(11) NOT NULL,
  `shipment_name` text NOT NULL,
  `still_days` int(11) NOT NULL,
  `end_date` varchar(255) NOT NULL
) ENGINE=InnoDB DEFAULT CHARSET=utf8;

-- --------------------------------------------------------

--
-- بنية الجدول `data`
--

CREATE TABLE `data` (
  `id` int(11) NOT NULL,
  `datano` int(11) NOT NULL,
  `datacreate` date NOT NULL,
  `state` int(11) DEFAULT NULL,
  `created_at` date DEFAULT NULL,
  `updated_at` date DEFAULT NULL,
  `delete_at` date DEFAULT NULL
) ENGINE=InnoDB DEFAULT CHARSET=utf8;

--
-- إرجاع أو استيراد بيانات الجدول `data`
--

INSERT INTO `data` (`id`, `datano`, `datacreate`, `state`, `created_at`, `updated_at`, `delete_at`) VALUES
(1, 594, '2023-01-07', NULL, '2023-01-08', '2023-01-08', NULL),
(2, 333, '2023-01-03', NULL, '2023-01-08', '2023-01-08', NULL),
(3, 334, '2023-01-03', NULL, '2023-01-08', '2023-01-08', NULL),
(4, 335, '2023-01-03', NULL, '2023-01-08', '2023-01-08', NULL),
(5, 336, '2023-01-03', NULL, '2023-01-08', '2023-01-08', NULL),
(6, 386, '2023-01-04', NULL, '2023-01-08', '2023-01-08', NULL),
(7, 509, '2023-01-05', NULL, '2023-01-09', '2023-01-09', NULL),
(8, 1937, '2023-01-21', NULL, '2023-01-21', '2023-01-21', NULL),
(9, 1940, '2023-01-21', NULL, '2023-01-21', '2023-01-21', NULL),
(10, 1908, '2023-01-21', NULL, '2023-01-21', '2023-01-21', NULL),
(11, 3050, '2023-01-31', NULL, '2023-02-05', '2023-02-05', NULL),
(12, 3438, '2023-02-04', NULL, '2023-02-05', '2023-02-05', NULL),
(13, 3204, '2023-02-01', NULL, '2023-02-05', '2023-02-05', NULL),
(14, 2231, '2023-01-26', NULL, '2023-02-06', '2023-02-06', NULL),
(15, 2331, '2023-01-27', NULL, '2023-02-06', '2023-02-06', NULL),
(16, 2769, '2023-02-01', NULL, '2023-02-06', '2023-02-06', NULL),
(17, 2768, '2023-02-01', NULL, '2023-02-06', '2023-02-06', NULL),
(18, 5449, '2023-02-22', NULL, '2023-02-23', '2023-02-23', NULL),
(19, 5666, '2023-02-25', NULL, '2023-02-27', '2023-02-27', NULL),
(20, 5800, '2023-02-26', NULL, '2023-03-06', '2023-03-06', NULL),
(21, 7878, '2023-03-14', NULL, '2023-03-15', '2023-03-15', NULL),
(22, 8829, '2023-03-22', NULL, '2023-03-23', '2023-03-23', NULL),
(23, 9192, '2023-03-26', NULL, '2023-04-01', '2023-04-01', NULL),
(24, 11906, '2023-04-17', NULL, '2023-04-19', '2023-04-19', NULL),
(25, 11222, '2023-04-30', NULL, '2023-05-07', '2023-05-07', NULL),
(26, 11238, '2023-04-30', NULL, '2023-05-07', '2023-05-07', NULL),
(27, 11987, '2023-04-18', NULL, '2023-05-08', '2023-05-08', NULL),
(28, 12040, '2023-04-19', NULL, '2023-05-08', '2023-05-08', NULL),
(29, 11999, '2023-04-18', NULL, '2023-05-08', '2023-05-08', NULL),
(30, 12011, '2023-05-06', NULL, '2023-05-08', '2023-05-08', NULL),
(31, 12708, '2023-05-08', NULL, '2023-05-09', '2023-05-09', NULL),
(32, 12929, '2023-05-11', NULL, '2023-05-11', '2023-05-11', NULL),
(33, 13112, '2023-05-13', NULL, '2023-05-14', '2023-05-14', NULL),
(34, 12824, '2023-05-14', NULL, '2023-05-15', '2023-05-15', NULL),
(35, 13507, '2023-05-17', NULL, '2023-05-17', '2023-05-17', NULL),
(36, 13154, '2023-05-16', NULL, '2023-05-21', '2023-05-21', NULL),
(37, 13599, '2023-05-20', NULL, '2023-05-21', '2023-05-21', NULL),
(38, 938, '2023-05-24', NULL, '2023-06-01', '2023-06-01', NULL),
(39, 14685, '2023-05-30', NULL, '2023-06-03', '2023-06-03', NULL),
(40, 15700, '2023-06-12', NULL, '2023-06-13', '2023-06-13', NULL),
(41, 18877, '2023-07-08', NULL, '2023-07-10', '2023-07-10', NULL),
(42, 19406, '2023-07-14', NULL, '2023-07-16', '2023-07-16', NULL),
(43, 18333, '2023-07-15', NULL, '2023-07-16', '2023-07-16', NULL),
(44, 627, '2023-07-18', NULL, '2023-07-18', '2023-07-18', NULL),
(45, 1140, '2023-06-24', NULL, '2023-07-22', '2023-07-22', NULL),
(46, 17506, '2023-07-09', NULL, '2023-07-22', '2023-07-22', NULL),
(47, 17502, '2023-07-09', NULL, '2023-07-22', '2023-07-22', NULL),
(48, 17850, '2023-07-11', NULL, '2023-07-22', '2023-07-22', NULL),
(49, 18426, '2023-07-16', NULL, '2023-07-23', '2023-07-23', NULL),
(50, 19222, '2023-07-25', NULL, '2023-07-26', '2023-07-26', NULL),
(51, 1214, '2023-07-13', NULL, '2023-07-27', '2023-07-27', NULL),
(52, 1293, '2023-07-25', NULL, '2023-08-01', '2023-08-01', NULL),
(53, 19860, '2023-08-06', NULL, '2023-08-09', '2023-08-09', NULL),
(54, 20640, '2023-08-24', NULL, '2023-08-27', '2023-08-27', NULL),
(55, 20641, '2023-08-24', NULL, '2023-08-30', '2023-08-30', NULL),
(56, 1510, '2023-08-21', NULL, '2023-08-30', '2023-08-30', NULL),
(57, 21605, '2023-09-12', NULL, '2023-09-16', '2023-09-16', NULL),
(58, 2359, '2023-08-14', NULL, '2023-09-19', '2023-09-19', NULL),
(59, 2940, '2023-08-28', NULL, '2023-09-19', '2023-09-19', NULL),
(60, 2013, '2023-08-06', NULL, '2023-09-19', '2023-09-19', NULL),
(61, 4025, '2023-09-20', NULL, '2023-10-07', '2023-10-07', NULL),
(62, 4102, '2023-09-23', NULL, '2023-10-07', '2023-10-07', NULL),
(63, 3366, '2023-09-07', NULL, '2023-10-07', '2023-10-07', NULL),
(64, 22500, '2023-10-07', NULL, '2023-10-11', '2023-10-11', NULL),
(65, 26446, '2023-10-14', NULL, '2023-10-22', '2023-10-22', NULL),
(66, 26845, '2023-10-18', NULL, '2023-10-23', '2023-10-23', NULL),
(67, 26915, '2023-10-19', NULL, '2023-10-23', '2023-10-23', NULL),
(68, 26974, '2023-10-19', NULL, '2023-10-23', '2023-10-23', NULL),
(69, 27075, '2023-10-21', NULL, '2023-10-23', '2023-10-23', NULL),
(70, 27190, '2023-10-22', NULL, '2023-10-23', '2023-10-23', NULL),
(71, 27226, '2023-10-22', NULL, '2023-10-23', '2023-10-23', NULL),
(72, 27279, '2023-10-23', NULL, '2023-10-23', '2023-10-23', NULL),
(73, 23075, '2023-10-18', NULL, '2023-10-28', '2023-10-28', NULL),
(74, 949, '2023-11-01', NULL, '2023-11-01', '2023-11-01', NULL),
(75, 6579, '2023-10-29', NULL, '2023-11-05', '2023-11-05', NULL),
(76, 24639, '2023-11-06', NULL, '2023-11-06', '2023-11-06', NULL),
(77, 24985, '2023-11-14', NULL, '2023-11-15', '2023-11-15', NULL),
(78, 24972, '2023-11-14', NULL, '2023-11-15', '2023-11-15', NULL),
(79, 24973, '2023-11-14', NULL, '2023-11-15', '2023-11-15', NULL),
(80, 7531, '2023-11-12', NULL, '2023-11-22', '2023-11-22', NULL),
(81, 29610, '2023-11-16', NULL, '2023-11-22', '2023-11-22', NULL),
(82, 29836, '2023-11-18', NULL, '2023-11-22', '2023-11-22', NULL),
(83, 1018, '2023-11-22', NULL, '2023-11-25', '2023-11-25', NULL),
(84, 26028, '2023-11-27', NULL, '2023-11-28', '2023-11-28', NULL),
(85, 26337, '2023-12-06', NULL, '2023-12-07', '2023-12-07', NULL),
(86, 26338, '2023-12-06', NULL, '2023-12-07', '2023-12-07', NULL),
(87, 31311, '2023-12-04', NULL, '2023-12-10', '2023-12-10', NULL),
(88, 31824, '2023-12-09', NULL, '2023-12-10', '2023-12-10', NULL),
(89, 2368, '2023-12-04', NULL, '2023-12-11', '2023-12-11', NULL),
(90, 9848, '2023-12-07', NULL, '2023-12-12', '2023-12-12', NULL),
(91, 26677, '2023-12-12', NULL, '2023-12-14', '2023-12-14', NULL),
(92, 26750, '2023-12-13', NULL, '2023-12-16', '2023-12-16', NULL),
(93, 26752, '2023-12-13', NULL, '2023-12-16', '2023-12-16', NULL),
(94, 10342, '2023-12-16', NULL, '2023-12-20', '2023-12-20', NULL),
(95, 10566, '2023-12-18', NULL, '2023-12-20', '2023-12-20', NULL),
(96, 27004, '2023-12-19', NULL, '2023-12-28', '2023-12-28', NULL),
(97, 27003, '2023-12-19', NULL, '2023-12-28', '2023-12-28', NULL),
(98, 33682, '2023-12-27', NULL, '2024-01-01', '2024-01-01', NULL),
(99, 11333, '2023-11-28', NULL, '2024-01-03', '2024-01-03', NULL),
(100, 37, '2024-01-07', NULL, '2024-01-07', '2024-01-07', NULL),
(101, 456, '2024-01-07', NULL, '2024-01-11', '2024-01-11', NULL),
(102, 703, '2024-01-09', NULL, '2024-01-13', '2024-01-13', NULL),
(103, 1261, '2024-01-16', NULL, '2024-01-22', '2024-01-22', NULL),
(104, 1574, '2024-01-21', NULL, '2024-01-24', '2024-01-24', NULL),
(105, 2035, '2024-01-18', NULL, '2024-01-27', '2024-01-27', NULL),
(106, 2110, '2024-01-20', NULL, '2024-01-27', '2024-01-27', NULL),
(107, 2112, '2024-01-20', NULL, '2024-01-27', '2024-01-27', NULL),
(108, 2454, '2024-01-22', NULL, '2024-01-27', '2024-01-27', NULL),
(109, 2837, '2024-01-25', NULL, '2024-01-27', '2024-01-27', NULL),
(110, 2904, '2024-01-27', NULL, '2024-01-28', '2024-01-28', NULL),
(111, 2907, '2024-01-27', NULL, '2024-01-28', '2024-01-28', NULL),
(112, 2947, '2024-01-27', NULL, '2024-01-28', '2024-01-28', NULL),
(113, 2951, '2024-01-27', NULL, '2024-01-28', '2024-01-28', NULL),
(114, 3279, '2024-01-30', NULL, '2024-01-31', '2024-01-31', NULL),
(115, 3280, '2024-01-30', NULL, '2024-01-31', '2024-01-31', NULL),
(116, 3378, '2024-01-30', NULL, '2024-02-01', '2024-02-01', NULL),
(117, 3398, '2024-01-31', NULL, '2024-02-01', '2024-02-01', NULL),
(118, 3089, '2024-01-27', NULL, '2024-02-05', '2024-02-05', NULL),
(119, 3892, '2024-02-05', NULL, '2024-02-06', '2024-02-06', NULL),
(120, 3894, '2024-02-05', NULL, '2024-02-06', '2024-02-06', NULL),
(121, 4110, '2024-02-07', NULL, '2024-02-11', '2024-02-11', NULL),
(122, 4117, '2024-02-07', NULL, '2024-02-11', '2024-02-11', NULL),
(123, 4584, '2024-02-12', NULL, '2024-02-13', '2024-02-13', NULL),
(124, 4587, '2024-02-12', NULL, '2024-02-13', '2024-02-13', NULL),
(125, 4595, '2024-02-12', NULL, '2024-02-13', '2024-02-13', NULL),
(126, 4596, '2024-02-12', NULL, '2024-02-13', '2024-02-13', NULL),
(127, 4597, '2024-02-12', NULL, '2024-02-13', '2024-02-13', NULL),
(128, 4204, '2024-02-07', NULL, '2024-02-13', '2024-02-13', NULL),
(129, 4680, '2024-02-13', NULL, '2024-02-14', '2024-02-14', NULL),
(130, 4682, '2024-02-13', NULL, '2024-02-14', '2024-02-14', NULL),
(131, 4750, '2024-02-14', NULL, '2024-02-15', '2024-02-15', NULL),
(132, 4809, '2024-02-14', NULL, '2024-02-15', '2024-02-15', NULL),
(134, 4980, '2024-02-15', NULL, '2024-02-17', '2024-02-17', NULL),
(135, 4982, '2024-02-15', NULL, '2024-02-17', '2024-02-17', NULL),
(136, 5805, '2024-02-25', NULL, '2024-02-25', '2024-02-25', NULL),
(137, 6302, '2024-03-02', NULL, '2024-03-04', '2024-03-04', NULL),
(138, 5380, '2024-03-07', NULL, '2024-03-07', '2024-03-07', NULL),
(139, 7379, '2024-03-06', NULL, '2024-03-09', '2024-03-09', NULL),
(140, 7542, '2024-03-07', NULL, '2024-03-09', '2024-03-09', NULL),
(141, 7680, '2024-03-08', NULL, '2024-03-10', '2024-03-10', NULL),
(142, 7681, '2024-03-08', NULL, '2024-03-10', '2024-03-10', NULL),
(143, 8035, '2024-03-11', NULL, '2024-03-13', '2024-03-13', NULL),
(144, 8056, '2024-03-11', NULL, '2024-03-13', '2024-03-13', NULL),
(145, 8058, '2024-03-11', NULL, '2024-03-13', '2024-03-13', NULL),
(146, 330, '2024-03-13', NULL, '2024-03-13', '2024-03-13', NULL),
(147, 8465, '2024-03-13', NULL, '2024-03-16', '2024-03-16', NULL),
(148, 8626, '2024-03-15', NULL, '2024-03-17', '2024-03-17', NULL),
(149, 8827, '2024-03-17', NULL, '2024-03-17', '2024-03-17', NULL),
(150, 7014, '2024-03-16', NULL, '2024-03-18', '2024-03-18', NULL),
(151, 7016, '2024-03-16', NULL, '2024-03-18', '2024-03-18', NULL),
(152, 8975, '2024-03-19', NULL, '2024-03-19', '2024-03-19', NULL),
(153, 9145, '2024-03-19', NULL, '2024-03-21', '2024-03-21', NULL),
(154, 9146, '2024-03-19', NULL, '2024-03-21', '2024-03-21', NULL),
(155, 9419, '2024-03-22', NULL, '2024-03-24', '2024-03-24', NULL),
(156, 9421, '2024-03-22', NULL, '2024-03-24', '2024-03-24', NULL),
(157, 9422, '2024-03-22', NULL, '2024-03-24', '2024-03-24', NULL),
(158, 9456, '2024-03-22', NULL, '2024-03-24', '2024-03-24', NULL),
(159, 9637, '2024-03-23', NULL, '2024-03-25', '2024-03-25', NULL),
(160, 9638, '2024-03-23', NULL, '2024-03-25', '2024-03-25', NULL),
(161, 9810, '2024-03-25', NULL, '2024-03-25', '2024-03-25', NULL),
(162, 9811, '2024-03-25', NULL, '2024-03-25', '2024-03-25', NULL),
(163, 9956, '2024-03-25', NULL, '2024-03-26', '2024-03-26', NULL),
(164, 10083, '2024-03-26', NULL, '2024-03-27', '2024-03-27', NULL),
(165, 10084, '2024-03-26', NULL, '2024-03-27', '2024-03-27', NULL),
(166, 10251, '2024-03-27', NULL, '2024-03-30', '2024-03-30', NULL),
(167, 10454, '2024-03-29', NULL, '2024-03-31', '2024-03-31', NULL),
(168, 10716, '2024-03-30', NULL, '2024-04-01', '2024-04-01', NULL),
(169, 10094, '2024-03-30', NULL, '2024-04-01', '2024-04-01', NULL),
(170, 7642, '2024-04-01', NULL, '2024-04-04', '2024-04-04', NULL),
(171, 8106, '2024-04-04', NULL, '2024-04-22', '2024-04-22', NULL),
(172, 8107, '2024-04-04', NULL, '2024-04-22', '2024-04-22', NULL),
(173, 8111, '2024-04-04', NULL, '2024-04-22', '2024-04-22', NULL),
(174, 8697, '2024-04-24', NULL, '2024-04-27', '2024-04-27', NULL),
(175, 7593, '2024-03-31', NULL, '2024-04-27', '2024-04-27', NULL),
(176, 8491, '2024-04-22', NULL, '2024-05-04', '2024-05-04', NULL),
(177, 9068, '2024-04-29', NULL, '2024-05-11', '2024-05-11', NULL),
(178, 9069, '2024-04-29', NULL, '2024-05-11', '2024-05-11', NULL),
(179, 9067, '2024-04-29', NULL, '2024-05-11', '2024-05-11', NULL),
(180, 9460, '2024-05-02', NULL, '2024-05-18', '2024-05-18', NULL),
(181, 472, '2024-05-20', NULL, '2024-05-20', '2024-05-20', NULL),
(182, 14610, '2024-05-19', NULL, '2024-05-20', '2024-05-20', NULL),
(183, 10660, '2024-05-19', NULL, '2024-05-21', '2024-05-21', NULL),
(184, 18140, '2024-05-28', NULL, '2024-05-29', '2024-05-29', NULL),
(185, 18143, '2024-05-28', NULL, '2024-05-29', '2024-05-29', NULL),
(186, 18144, '2024-05-28', NULL, '2024-05-29', '2024-05-29', NULL),
(187, 18145, '2024-05-28', NULL, '2024-05-29', '2024-05-29', NULL),
(188, 18148, '2024-05-28', NULL, '2024-05-29', '2024-05-29', NULL),
(189, 18415, '2024-05-30', NULL, '2024-06-03', '2024-06-03', NULL),
(190, 18539, '2024-05-31', NULL, '2024-06-03', '2024-06-03', NULL),
(191, 18683, '2024-06-01', NULL, '2024-06-03', '2024-06-03', NULL),
(192, 18692, '2024-06-01', NULL, '2024-06-03', '2024-06-03', NULL),
(193, 19273, '2024-06-04', NULL, '2024-06-05', '2024-06-05', NULL),
(194, 19274, '2024-06-04', NULL, '2024-06-05', '2024-06-05', NULL),
(195, 19275, '2024-06-04', NULL, '2024-06-05', '2024-06-05', NULL),
(196, 19918, '2024-06-08', NULL, '2024-06-09', '2024-06-09', NULL),
(197, 12125, '2024-06-04', NULL, '2024-06-10', '2024-06-10', NULL),
(198, 20160, '2024-06-09', NULL, '2024-06-11', '2024-06-11', NULL),
(199, 20166, '2024-06-09', NULL, '2024-06-11', '2024-06-11', NULL),
(200, 12934, '2024-06-11', NULL, '2024-06-27', '2024-06-27', NULL),
(201, 13547, '2024-06-25', NULL, '2024-06-27', '2024-06-27', NULL),
(202, 13340, '2024-06-23', NULL, '2024-06-27', '2024-06-27', NULL),
(203, 20504, '2024-06-11', NULL, '2024-06-30', '2024-06-30', NULL),
(204, 21916, '2024-06-29', NULL, '2024-06-30', '2024-06-30', NULL),
(205, 21919, '2024-06-29', NULL, '2024-06-30', '2024-06-30', NULL),
(206, 12130, '2024-06-25', NULL, '2024-06-30', '2024-06-30', NULL),
(207, 12132, '2024-06-25', NULL, '2024-06-30', '2024-06-30', NULL),
(208, 12339, '2024-06-27', NULL, '2024-06-30', '2024-06-30', NULL),
(209, 19215, '2024-07-04', NULL, '2024-07-09', '2024-07-09', NULL),
(210, 19285, '2024-07-06', NULL, '2024-07-09', '2024-07-09', NULL),
(211, 12758, '2024-07-03', NULL, '2024-07-13', '2024-07-13', NULL),
(212, 20703, '2024-07-18', NULL, '2024-07-20', '2024-07-20', NULL),
(213, 14818, '2024-07-21', NULL, '2024-07-23', '2024-07-23', NULL),
(214, 14074, '2024-07-25', NULL, '2024-07-29', '2024-07-29', NULL),
(215, 14145, '2024-07-27', NULL, '2024-07-29', '2024-07-29', NULL),
(216, 15058, '2024-07-23', NULL, '2024-07-29', '2024-07-29', NULL),
(217, 15491, '2024-08-03', NULL, '2024-08-04', '2024-08-04', NULL),
(218, 15492, '2024-08-03', NULL, '2024-08-04', '2024-08-04', NULL),
(219, 1257, '2024-07-25', NULL, '2024-08-05', '2024-08-05', NULL),
(220, 15765, '2024-08-05', NULL, '2024-08-06', '2024-08-06', NULL),
(221, 27276, '2024-08-10', NULL, '2024-08-12', '2024-08-12', NULL),
(222, 27277, '2024-08-10', NULL, '2024-08-12', '2024-08-12', NULL),
(223, 27278, '2024-08-10', NULL, '2024-08-12', '2024-08-12', NULL),
(224, 27714, '2024-08-13', NULL, '2024-08-14', '2024-08-14', NULL),
(225, 27718, '2024-08-13', NULL, '2024-08-14', '2024-08-14', NULL),
(226, 27719, '2024-08-13', NULL, '2024-08-14', '2024-08-14', NULL),
(227, 27456, '2024-08-11', NULL, '2024-08-14', '2024-08-14', NULL),
(228, 27923, '2024-08-14', NULL, '2024-08-15', '2024-08-15', NULL),
(229, 27924, '2024-08-14', NULL, '2024-08-15', '2024-08-15', NULL),
(230, 27970, '2024-08-15', NULL, '2024-08-15', '2024-08-15', NULL),
(231, 28119, '2024-08-16', NULL, '2024-08-18', '2024-08-18', NULL),
(232, 706, '2024-08-15', NULL, '2024-08-18', '2024-08-18', NULL),
(233, 14750, '2024-08-10', NULL, '2024-08-20', '2024-08-20', NULL),
(234, 14975, '2024-08-13', NULL, '2024-08-20', '2024-08-20', NULL),
(235, 20752, '2024-07-19', NULL, '2024-08-20', '2024-08-20', NULL),
(236, 22346, '2024-08-03', NULL, '2024-08-20', '2024-08-20', NULL),
(237, 28341, '2024-08-18', NULL, '2024-08-21', '2024-08-21', NULL),
(238, 28705, '2024-08-20', NULL, '2024-08-21', '2024-08-21', NULL),
(239, 28707, '2024-08-20', NULL, '2024-08-21', '2024-08-21', NULL),
(240, 28710, '2024-08-20', NULL, '2024-08-21', '2024-08-21', NULL),
(241, 28812, '2024-08-20', NULL, '2024-08-22', '2024-08-22', NULL),
(242, 729, '2024-08-21', NULL, '2024-08-27', '2024-08-27', NULL),
(243, 17054, '2024-08-15', NULL, '2024-08-27', '2024-08-27', NULL),
(244, 17841, '2024-08-26', NULL, '2024-08-28', '2024-08-28', NULL),
(245, 1408, '2024-08-25', NULL, '2024-08-28', '2024-08-28', NULL),
(246, 24501, '2024-08-24', NULL, '2024-08-31', '2024-08-31', NULL),
(247, 30079, '2024-08-27', NULL, '2024-08-31', '2024-08-31', NULL),
(248, 30081, '2024-08-27', NULL, '2024-08-31', '2024-08-31', NULL),
(249, 30082, '2024-08-27', NULL, '2024-08-31', '2024-08-31', NULL),
(250, 30084, '2024-08-27', NULL, '2024-08-31', '2024-08-31', NULL),
(251, 30085, '2024-08-27', NULL, '2024-08-31', '2024-08-31', NULL),
(252, 30316, '2024-08-29', NULL, '2024-08-31', '2024-08-31', NULL),
(253, 30318, '2024-08-29', NULL, '2024-08-31', '2024-08-31', NULL),
(254, 15539, '2024-08-29', NULL, '2024-09-07', '2024-09-07', NULL),
(255, 15726, '2024-09-05', NULL, '2024-09-07', '2024-09-07', NULL),
(256, 18320, '2024-09-03', NULL, '2024-09-07', '2024-09-07', NULL),
(257, 30893, '2024-09-01', NULL, '2024-09-07', '2024-09-07', NULL),
(258, 31507, '2024-09-05', NULL, '2024-09-07', '2024-09-07', NULL),
(259, 25534, '2024-09-02', NULL, '2024-09-07', '2024-09-07', NULL),
(260, 25916, '2024-09-05', NULL, '2024-09-08', '2024-09-08', NULL),
(261, 26074, '2024-09-07', NULL, '2024-09-08', '2024-09-08', NULL),
(262, 31659, '2024-09-06', NULL, '2024-09-08', '2024-09-08', NULL),
(263, 31660, '2024-09-06', NULL, '2024-09-08', '2024-09-08', NULL),
(264, 31661, '2024-09-06', NULL, '2024-09-08', '2024-09-08', NULL),
(265, 31662, '2024-09-06', NULL, '2024-09-08', '2024-09-08', NULL),
(266, 19154, '2024-09-10', NULL, '2024-09-14', '2024-09-14', NULL),
(267, 19300, '2024-09-12', NULL, '2024-09-18', '2024-09-18', NULL),
(268, 19644, '2024-09-19', NULL, '2024-09-22', '2024-09-22', NULL),
(269, 16205, '2024-09-22', NULL, '2024-09-25', '2024-09-25', NULL),
(270, 20404, '2024-09-28', NULL, '2024-09-30', '2024-09-30', NULL),
(271, 16619, '2024-09-28', NULL, '2024-10-02', '2024-10-02', NULL),
(272, 16621, '2024-09-28', NULL, '2024-10-02', '2024-10-02', NULL),
(273, 20870, '2024-10-02', NULL, '2024-10-12', '2024-10-12', NULL),
(274, 20871, '2024-10-02', NULL, '2024-10-12', '2024-10-12', NULL),
(275, 20872, '2024-10-02', NULL, '2024-10-12', '2024-10-12', NULL),
(276, 21555, '2024-10-16', NULL, '2024-10-22', '2024-10-22', NULL),
(277, 21849, '2024-10-20', NULL, '2024-10-22', '2024-10-22', NULL),
(278, 22118, '2024-10-23', NULL, '2024-10-24', '2024-10-24', NULL),
(279, 33472, '2024-09-19', NULL, '2024-10-30', '2024-10-30', NULL),
(280, 33480, '2024-09-19', NULL, '2024-10-30', '2024-10-30', NULL),
(281, 36784, '2024-10-12', NULL, '2024-10-30', '2024-10-30', NULL),
(282, 38228, '2024-10-20', NULL, '2024-10-30', '2024-10-30', NULL),
(283, 38265, '2024-10-20', NULL, '2024-10-30', '2024-10-30', NULL),
(284, 38500, '2024-10-22', NULL, '2024-10-30', '2024-10-30', NULL),
(285, 38532, '2024-10-23', NULL, '2024-10-30', '2024-10-30', NULL),
(286, 38533, '2024-10-23', NULL, '2024-10-30', '2024-10-30', NULL),
(287, 38757, '2024-10-26', NULL, '2024-10-30', '2024-10-30', NULL),
(288, 22547, '2024-10-31', NULL, '2024-11-06', '2024-11-06', NULL),
(289, 24193, '2024-11-19', NULL, '2024-11-25', '2024-11-25', NULL),
(290, 24191, '2024-11-19', NULL, '2024-11-25', '2024-11-25', NULL),
(291, 24192, '2024-11-19', NULL, '2024-11-25', '2024-11-25', NULL),
(292, 23953, '2024-11-17', NULL, '2024-11-28', '2024-11-28', NULL),
(293, 20120, '2024-11-17', NULL, '2024-12-02', '2024-12-02', NULL),
(294, 20456, '2024-11-21', NULL, '2024-12-02', '2024-12-02', NULL),
(295, 43718, '2024-11-24', NULL, '2024-12-03', '2024-12-03', NULL);

-- --------------------------------------------------------

--
-- بنية الجدول `departement`
--

CREATE TABLE `departement` (
  `id` int(11) NOT NULL,
  `name` text NOT NULL,
  `created_at` date DEFAULT NULL,
  `updated_at` date DEFAULT NULL,
  `delete_at` date DEFAULT NULL
) ENGINE=InnoDB DEFAULT CHARSET=utf8;

--
-- إرجاع أو استيراد بيانات الجدول `departement`
--

INSERT INTO `departement` (`id`, `name`, `created_at`, `updated_at`, `delete_at`) VALUES
(1, 'ميناء عدن', '2018-01-10', '2018-01-14', '0000-00-00'),
(2, 'ميناء الحديدة', '2018-01-10', '2018-01-14', '0000-00-00'),
(3, 'منفذ الوديعة ', '2018-02-13', '2018-02-13', NULL),
(4, 'ميناء المكلا', '2021-03-06', '2021-03-06', NULL);

-- --------------------------------------------------------

--
-- بنية الجدول `section`
--

CREATE TABLE `section` (
  `id` int(11) NOT NULL,
  `name` text NOT NULL,
  `created_at` date DEFAULT NULL,
  `updated_at` date DEFAULT NULL,
  `delete_at` date DEFAULT NULL
) ENGINE=InnoDB DEFAULT CHARSET=utf8;

--
-- إرجاع أو استيراد بيانات الجدول `section`
--

INSERT INTO `section` (`id`, `name`, `created_at`, `updated_at`, `delete_at`) VALUES
(1, 'العصائر ', '2020-10-06', '2018-02-08', NULL),
(2, 'طلاء وكيماويات', '2020-10-06', '2020-10-06', NULL),
(3, 'الثلج والبلاستيك ', '2018-06-21', '2024-03-27', NULL),
(4, 'الدجاج', '2020-06-25', '2020-06-25', NULL),
(5, 'الصادر', '2020-08-25', '2020-08-25', NULL),
(6, 'مطار عدن', '2022-01-19', '2022-01-19', NULL),
(7, 'الوديعة', '2022-02-19', '2022-02-19', NULL),
(8, 'العملاء', '2022-04-09', '2022-04-09', NULL),
(9, 'شحن', '2023-01-08', '2023-01-08', NULL);

-- --------------------------------------------------------

--
-- بنية الجدول `shipgroup`
--

CREATE TABLE `shipgroup` (
  `id` int(11) NOT NULL,
  `name` text NOT NULL,
  `groupid` int(11) NOT NULL,
  `created_at` date DEFAULT NULL,
  `updated_at` date DEFAULT NULL,
  `delete_at` date DEFAULT NULL
) ENGINE=InnoDB DEFAULT CHARSET=utf8;

--
-- إرجاع أو استيراد بيانات الجدول `shipgroup`
--

INSERT INTO `shipgroup` (`id`, `name`, `groupid`, `created_at`, `updated_at`, `delete_at`) VALUES
(1, 'كراميل ', 2, '2023-01-08', '2023-01-08', NULL),
(2, 'مركزات سن كويك ', 1, '2023-01-08', '2023-01-08', NULL),
(3, 'نترسول', 3, '2023-01-08', '2023-01-08', NULL),
(4, 'دجاج مجمد شركة سيرا', 4, '2023-01-08', '2023-01-08', NULL),
(5, 'قوارير فارغة', 5, '2023-01-08', '2023-01-08', NULL),
(6, 'أغطية برطمانات ', 6, '2023-02-18', '2023-02-18', NULL),
(7, 'نكهات عصائر', 7, '2023-03-30', '2023-03-30', NULL),
(8, 'عبوات تغليف', 8, '2023-04-04', '2023-04-04', NULL),
(9, 'مخف طلاء', 9, '2023-04-19', '2023-04-19', NULL),
(10, 'خزانات زنك المنيوم', 10, '2023-05-07', '2023-05-07', NULL),
(11, 'بن صادر ', 11, '2023-06-01', '2023-06-01', NULL),
(12, 'جهاز غلاية', 12, '2023-06-22', '2023-06-22', NULL),
(13, 'صفيح وتوابع إماراتي', 13, '2023-07-13', '2023-07-13', NULL),
(14, 'بودرة جزر', 14, '2023-07-15', '2023-07-15', NULL),
(15, 'أملتكس', 15, '2023-08-02', '2023-08-02', NULL),
(16, 'صفيح هندي', 16, '2023-08-02', '2023-08-02', NULL),
(17, 'أمونيا', 17, '2023-08-03', '2023-08-03', NULL),
(18, 'بلكستول', 18, '2023-08-03', '2023-08-03', NULL),
(19, 'جبن دنماركي', 19, '2023-08-10', '2023-08-10', NULL),
(20, 'معجون كيمي بودر', 20, '2023-08-16', '2023-08-16', NULL),
(21, 'مكملات غذائية', 21, '2023-09-16', '2023-09-16', NULL),
(22, 'كربونات أردني', 23, '2023-10-01', '2023-10-01', NULL),
(23, 'كربونات تركي ', 22, '2023-10-01', '2023-10-01', NULL),
(24, 'جلوكوز ', 24, '2023-10-22', '2023-10-22', NULL),
(25, 'باريوم سولفات ', 25, '2023-10-29', '2023-10-29', NULL),
(26, 'قالب بسكويت ', 26, '2023-10-31', '2023-10-31', NULL),
(27, 'كربونات كالسيوم ', 27, '2023-11-06', '2023-11-06', NULL),
(28, 'أغطية مروحية', 28, '2023-11-08', '2023-11-08', NULL),
(29, 'أغطية سنكويك', 29, '2023-11-08', '2023-11-08', NULL),
(30, 'سمن نباتي', 30, '2023-11-08', '2023-11-08', NULL),
(31, 'كالكوست ليكود', 31, '2023-11-15', '2023-11-15', NULL),
(32, 'هزاز بسكويت ', 32, '2023-11-22', '2023-11-22', NULL),
(33, 'رولات تغليف', 33, '2023-11-22', '2023-11-22', NULL),
(34, 'قوارير قطر ', 34, '2023-11-27', '2023-11-27', NULL),
(35, 'سطول بلاستيكية ', 35, '2023-12-10', '2023-12-10', NULL),
(36, 'مايكرون طلك', 36, '2023-12-13', '2023-12-13', NULL),
(37, 'اكتسايد', 37, '2023-12-13', '2023-12-13', NULL),
(38, 'اكتسايد + جولد برونز', 37, '2023-12-20', '2023-12-20', NULL),
(39, 'اكيوسول', 38, '2023-12-20', '2023-12-20', NULL),
(40, 'بنتون SD1', 39, '2023-12-20', '2023-12-20', NULL),
(41, 'بنتون 54', 39, '2023-12-20', '2023-12-20', NULL),
(42, 'سيرداس', 41, '2023-12-20', '2023-12-20', NULL),
(43, 'تكسانول', 40, '2023-12-20', '2023-12-20', NULL),
(44, 'روائح بسكويت', 42, '2023-12-26', '2023-12-26', NULL),
(45, 'ستريك اسيد + بروبلين جليكول', 43, '2024-01-01', '2024-01-01', NULL),
(46, 'قطع غيار مكائن عصائر', 44, '2024-01-07', '2024-01-07', NULL),
(47, 'ترجيتول', 45, '2024-01-17', '2024-01-17', NULL),
(48, 'قطع غيار خط البسكويت', 46, '2024-03-09', '2024-03-09', NULL),
(49, 'قطع غيار + مكثفات مكائن الثلج ', 44, '2024-04-01', '2024-04-01', NULL),
(50, 'مستلزمات ', 47, '2024-04-27', '2024-04-27', NULL),
(51, 'هلوجين بلو', 48, '2024-04-27', '2024-04-27', NULL),
(52, 'الكيد سعودي ', 49, '2024-05-07', '2024-05-07', NULL),
(53, 'قطع غيار مكائن تغليف الشاهي', 50, '2024-05-18', '2024-05-18', NULL),
(54, 'انبولات بلاستيكية', 51, '2024-05-20', '2024-05-20', NULL),
(55, 'كربونات مصري', 27, '2024-05-20', '2024-05-20', NULL),
(56, 'الكيد ايجل', 52, '2024-06-03', '2024-06-03', NULL),
(57, 'ايرون اوكسايد ريد', 53, '2024-07-21', '2024-07-21', NULL),
(58, 'ليثابون', 54, '2024-07-21', '2024-07-21', NULL),
(59, 'تيتانيوم ديوكسايد', 1, '2024-07-21', '2024-07-21', NULL),
(60, 'أغطية مربى ', 56, '2024-08-15', '2024-08-15', NULL),
(61, 'لفات تغليف', 57, '2024-08-20', '2024-08-20', NULL),
(62, 'صفيح سعودي', 58, '2024-08-31', '2024-08-31', NULL),
(63, 'بروبلين جليكول', 59, '2024-09-08', '2024-09-08', NULL),
(64, 'شاهي', 60, '2024-09-15', '2024-09-15', NULL),
(65, 'روائح بسكويت ', 42, '2024-10-07', '2024-10-07', NULL),
(66, 'جلازكس ', 61, '2024-10-12', '2024-10-12', NULL);

-- --------------------------------------------------------

--
-- بنية الجدول `shipment`
--

CREATE TABLE `shipment` (
  `id` int(11) NOT NULL,
  `operationno` int(255) NOT NULL,
  `shippmintno` int(22) NOT NULL,
  `shipgroupno` int(11) NOT NULL,
  `datano` int(11) DEFAULT NULL,
  `pillno` varchar(255) NOT NULL,
  `pakingno` varchar(255) NOT NULL,
  `pilno` varchar(255) NOT NULL,
  `orginalno` varchar(255) NOT NULL,
  `pillno2` varchar(255) DEFAULT NULL,
  `pakingno2` varchar(255) DEFAULT NULL,
  `pilno2` varchar(255) DEFAULT NULL,
  `orginalno2` varchar(255) DEFAULT NULL,
  `paperno` int(11) DEFAULT NULL,
  `others` text,
  `shipmtype` int(11) NOT NULL,
  `departmentno` int(11) NOT NULL,
  `sectionno` int(11) NOT NULL,
  `created_at` date DEFAULT NULL,
  `updated_at` date DEFAULT NULL,
  `delete_at` date DEFAULT NULL,
  `sendingdate` date DEFAULT NULL,
  `officedate` date DEFAULT NULL,
  `workerdate` date DEFAULT NULL,
  `workername` text,
  `state` int(3) NOT NULL,
  `dategase` date DEFAULT NULL,
  `park20` int(11) DEFAULT '0',
  `park40` int(11) DEFAULT '0',
  `dectype` varchar(255) DEFAULT NULL,
  `shippingno` int(11) DEFAULT NULL,
  `contatty` int(50) DEFAULT NULL,
  `value` decimal(50,0) DEFAULT NULL,
  `relayname` text,
  `relaydate` date DEFAULT NULL,
  `relaycases` text,
  `alarm` int(11) DEFAULT NULL,
  `endallowdate` date NOT NULL,
  `returndate` date DEFAULT NULL,
  `stillday` varchar(100) NOT NULL DEFAULT '0'
) ENGINE=InnoDB DEFAULT CHARSET=utf8;

--
-- إرجاع أو استيراد بيانات الجدول `shipment`
--

INSERT INTO `shipment` (`id`, `operationno`, `shippmintno`, `shipgroupno`, `datano`, `pillno`, `pakingno`, `pilno`, `orginalno`, `pillno2`, `pakingno2`, `pilno2`, `orginalno2`, `paperno`, `others`, `shipmtype`, `departmentno`, `sectionno`, `created_at`, `updated_at`, `delete_at`, `sendingdate`, `officedate`, `workerdate`, `workername`, `state`, `dategase`, `park20`, `park40`, `dectype`, `shippingno`, `contatty`, `value`, `relayname`, `relaydate`, `relaycases`, `alarm`, `endallowdate`, `returndate`, `stillday`) VALUES
(1, 20238, 2, 1, 11, 'SA222573', '', 'LHV3015205', '', NULL, NULL, NULL, NULL, NULL, NULL, 0, 1, 1, '2023-01-01', '2023-02-13', NULL, '2023-01-01', '2023-01-01', '2023-01-29', 'توفيق الحكيمي ', 3, '2023-01-26', 1, 0, '3', 1, NULL, NULL, 'حوش عدن    ', '2023-01-31', '', 1, '2023-02-08', '2023-02-05', '0'),
(2, 20239, 1, 2, 9, 'COROIN00021328', '', 'MEDULS097573', '', NULL, NULL, NULL, NULL, NULL, NULL, 0, 1, 1, '2023-01-01', '2023-02-13', NULL, '2023-01-01', '2023-01-01', '2023-01-12', 'توفيق الحكيمي ', 3, '2023-01-09', 3, 0, '3', 2, NULL, NULL, 'حوش عدن   ', '2023-01-21', '', 1, '2023-01-20', '2023-01-23', '0'),
(4, 20241, 1, 2, 12, 'COROIN00021477', '', '223331852', '', NULL, NULL, NULL, NULL, NULL, NULL, 0, 1, 1, '2023-01-07', '2023-02-13', NULL, '2023-01-07', '2023-01-07', '2023-01-31', 'توفيق الحكيمي ', 3, '2023-01-30', 2, 0, '3', 3, NULL, NULL, 'حوش عدن  ', '2023-02-04', '', 1, '2023-02-08', '2023-02-05', '0'),
(5, 10787, 3, 3, 8, '1055', '', 'OSLJEAADE215322', '', NULL, NULL, NULL, NULL, NULL, NULL, 0, 1, 2, '2023-01-07', '2023-02-02', NULL, '2023-01-07', '2023-01-07', '2023-01-08', 'توفيق الحكيمي ', 3, '2023-01-03', 1, 0, '3', 4, NULL, NULL, 'حوش عدن     ', '2023-01-21', '', 1, '2023-01-16', '2023-01-23', '0'),
(6, 5456, 4, 4, 7, '930573', '', 'JBS165550', '', NULL, NULL, NULL, NULL, NULL, NULL, 0, 1, 4, '2023-01-05', '2023-01-14', NULL, '2023-01-05', '2023-01-05', '2023-01-05', 'وضاح الحكيمي', 3, '2023-01-03', 0, 1, '3', 5, NULL, NULL, 'ثلاجة عدن    ', '2023-01-07', '', 1, '2023-01-14', '2023-01-09', '0'),
(7, 5457, 4, 4, 10, '930901', '', 'JBS165686', '', NULL, NULL, NULL, NULL, NULL, NULL, 0, 1, 4, '2023-01-15', '2023-02-13', NULL, '2023-01-01', '2023-01-15', '2023-01-16', 'وضاح الحكيمي', 3, '2023-01-16', 0, 1, '3', 5, NULL, NULL, 'ثلاجة عدن   ', '2023-01-21', '', 1, '2023-01-27', '2023-01-17', '0'),
(8, 5458, 4, 4, 13, '935225', '', 'JBS166796', '', NULL, NULL, NULL, NULL, NULL, NULL, 0, 1, 4, '2023-01-15', '2023-02-13', NULL, '2023-01-01', '2023-01-15', '2023-01-30', 'وضاح الحكيمي', 3, '2023-01-30', 0, 1, '3', 5, NULL, NULL, 'ثلاجة عدن   ', '2023-02-02', '', 1, '2023-02-10', '2023-02-05', '0'),
(9, 6001, 5, 5, 2, 'PGGL/0785/2022-2023', '', 'لا يوجد', '', NULL, NULL, NULL, NULL, NULL, NULL, 0, 1, 9, '2023-01-01', '2023-01-12', NULL, '2023-01-01', '2023-01-01', '2023-01-03', 'مصلح', 3, '2023-01-03', 2, 0, '2', 6, NULL, NULL, 'حوش عدن  ', '2023-01-08', '', 1, '2023-01-12', NULL, '0'),
(10, 6002, 5, 5, 3, 'PGGL/0786/2022-2023', '', 'لا يوجد', '', NULL, NULL, NULL, NULL, NULL, NULL, 0, 1, 9, '2023-01-01', '2023-01-12', NULL, '2023-01-01', '2023-01-01', '2023-01-03', 'مصلح', 3, '2023-01-03', 2, 0, '2', 6, NULL, NULL, 'حوش عدن    ', '2023-01-08', '', 1, '2023-01-12', NULL, '0'),
(11, 6003, 5, 5, 4, 'PGGL/0787/2022-2023', '', 'لا يوجد', '', NULL, NULL, NULL, NULL, NULL, NULL, 0, 1, 9, '2023-01-01', '2023-01-12', NULL, '2023-01-01', '2023-01-01', '2023-01-03', 'مصلح', 3, '2023-01-03', 2, 0, '2', 6, NULL, NULL, 'حوش عدن  ', '2023-01-08', '', 1, '2023-01-12', NULL, '0'),
(12, 6004, 5, 5, 5, 'PGGL/0810/2022-2023', '', 'لا يوجد', '', NULL, NULL, NULL, NULL, NULL, NULL, 0, 1, 9, '2023-01-01', '2023-01-12', NULL, '2023-01-01', '2023-01-01', '2023-01-03', 'مصلح', 3, '2023-01-03', 2, 0, '2', 6, NULL, NULL, 'حوش عدن  ', '2023-01-08', '', 1, '2023-01-12', NULL, '0'),
(13, 6005, 5, 5, 6, 'PGGL/0837/2022-2023', '', 'لا يوجد', '', NULL, NULL, NULL, NULL, NULL, NULL, 0, 1, 9, '2023-01-01', '2023-01-14', NULL, '2023-01-01', '2023-01-01', '2023-01-04', 'مصلح', 3, '2023-01-04', 3, 0, '2', 6, NULL, NULL, 'حوش عدن  ', '2023-01-08', '', 1, '2023-01-13', NULL, '0'),
(14, 5459, 4, 4, 19, '942987', '', 'JBS168528', '', NULL, NULL, NULL, NULL, NULL, NULL, 0, 1, 4, '2023-02-12', '2023-03-06', NULL, '2023-01-16', '2023-02-12', '2023-02-23', 'وضاح الحكيمي', 3, '2023-02-22', 0, 2, '3', 5, NULL, NULL, 'ثلاجة عدن         ', '2023-02-25', '', 1, '2023-03-05', '2023-02-28', '0'),
(15, 5460, 4, 4, 19, '944664', '', '224236715', '', NULL, NULL, NULL, NULL, NULL, NULL, 0, 1, 4, '2023-02-12', '2023-03-06', NULL, '2023-01-16', '2023-02-12', '2023-02-23', 'وضاح الحكيمي', 3, '2023-02-22', 0, 1, '3', 5, NULL, NULL, 'ثلاجة عدن      ', '2023-02-25', '', 1, '2023-03-05', '2023-02-28', '0'),
(16, 5461, 4, 4, 23, '953479', '', 'JBS170981', '', NULL, NULL, NULL, NULL, NULL, NULL, 0, 1, 4, '2023-03-12', '2023-04-04', NULL, '2023-02-05', '2023-03-12', '2023-03-25', 'وضاح الحكيمي', 3, '2023-03-23', 0, 1, '3', 5, NULL, NULL, 'ثلاجة عدن   ', '2023-03-28', '', 1, '2023-04-03', '2023-03-30', '0'),
(17, 20242, 1, 2, 18, 'COROIN00021772', '', 'MEDULS131950', '', NULL, NULL, NULL, NULL, NULL, NULL, 0, 1, 1, '2023-02-11', '2023-03-06', NULL, '2023-02-06', '2023-02-11', '2023-02-21', 'توفيق الحكيمي ', 3, '2023-02-18', 3, 0, '3', 2, NULL, NULL, 'حوش عدن    ', '2023-02-23', '', 1, '2023-03-01', '2023-03-01', '0'),
(18, 6006, 5, 5, 14, 'PGGL/0896/2022-2023', '', 'لا يوجد', '', NULL, NULL, NULL, NULL, NULL, NULL, 0, 1, 9, '2023-01-26', '2023-02-06', NULL, '2023-01-26', '2023-01-26', '2023-01-26', 'مصلح', 3, '2023-01-26', 2, 0, '2', 6, NULL, NULL, 'حوش عدن  ', '2023-01-30', '', NULL, '2023-02-04', NULL, '0'),
(19, 6007, 5, 5, 15, 'PGGL/0897/2022-2023', '', 'لا يوجد', '', NULL, NULL, NULL, NULL, NULL, NULL, 0, 1, 9, '2023-01-27', '2023-02-06', NULL, '2023-01-27', '2023-01-27', '2023-01-27', 'مصلح', 3, '2023-01-27', 2, 0, '2', 6, NULL, NULL, 'حوش عدن  ', '2023-01-31', '', NULL, '2023-02-05', NULL, '0'),
(20, 6008, 5, 5, 17, 'PGGL/0898/2022-2023', '', 'لا يوجد', '', NULL, NULL, NULL, NULL, NULL, NULL, 0, 1, 9, '2023-02-01', '2023-02-11', NULL, '2023-02-01', '2023-02-01', '2023-02-01', 'مصلح', 3, '2023-02-01', 2, 0, '2', 6, NULL, NULL, 'حوش عدن   ', '2023-02-04', '', 1, '2023-02-10', NULL, '0'),
(21, 6009, 5, 5, 16, 'PGGL/0922/2022-2023', '', 'لا يوجد', '', NULL, NULL, NULL, NULL, NULL, NULL, 0, 1, 9, '2023-02-01', '2023-02-11', NULL, '2023-02-01', '2023-02-01', '2023-02-01', 'مصلح', 3, '2023-02-01', 2, 0, '2', 6, NULL, NULL, 'حوش عدن    ', '2023-02-04', '', 1, '2023-02-10', NULL, '0'),
(23, 5462, 4, 4, 21, '950844', '', 'JBS170415', '', NULL, NULL, NULL, NULL, NULL, NULL, 0, 1, 4, '2023-03-02', '2023-03-23', NULL, '2023-02-18', '2023-03-02', '2023-03-12', 'وضاح الحكيمي', 3, '2023-03-12', 0, 1, '3', 5, NULL, NULL, 'ثلاجة عدن    ', '2023-03-14', '', 1, '2023-03-23', '2023-03-15', '0'),
(24, 20243, 6, 6, 20, '3700002211', '', 'HLCUDX3230132563', '', NULL, NULL, NULL, NULL, NULL, NULL, 0, 1, 1, '2023-02-27', '2023-03-07', NULL, '2023-02-20', '2023-02-27', '2023-02-25', 'توفيق الحكيمي ', 3, '2023-02-22', 1, 0, '3', 7, NULL, NULL, 'حوش عدن   ', '2023-02-27', '', 1, '2023-03-07', '2023-03-01', '0'),
(25, 20244, 1, 2, 22, 'COROIN00022272', '', 'MEDULS157872', '', NULL, NULL, NULL, NULL, NULL, NULL, 0, 1, 1, '2023-04-01', '2023-05-09', NULL, '2023-03-20', '2023-04-01', '2023-03-21', 'وضاح الحكيمي', 3, '2023-03-19', 2, 0, '3', 2, NULL, NULL, 'حوش عدن   ', '2023-03-22', '', 1, '2023-03-30', '2023-04-01', '0'),
(26, 20245, 7, 7, 30, '900918186', '', 'MEDUIW925545', '', NULL, NULL, NULL, NULL, NULL, NULL, 0, 1, 1, '2023-04-18', '2023-05-16', NULL, '2023-03-30', '2023-04-18', '2023-05-05', 'وضاح الحكيمي', 3, '2023-04-23', 1, 0, '3', 2, NULL, NULL, 'حوش عدن    ', '2023-05-08', '', 1, '2023-05-04', '2023-05-15', '0'),
(27, 5463, 4, 4, 25, '965736', '', 'JBS173718', '', NULL, NULL, NULL, NULL, NULL, NULL, 0, 1, 4, '2023-04-16', '2023-05-07', NULL, '2023-04-01', '2023-04-16', '2023-04-27', 'وضاح الحكيمي', 3, '2023-04-22', 0, 2, '3', 5, NULL, NULL, 'ثلاجة عدن      ', '2023-04-30', '', 1, '2023-05-03', '2023-05-07', '0'),
(28, 5464, 4, 4, 34, '971181', '', 'JBS174751', '', NULL, NULL, NULL, NULL, NULL, NULL, 0, 1, 4, '2023-05-06', '2023-05-23', NULL, '2023-04-01', '2023-05-06', '2023-05-13', 'وضاح الحكيمي', 3, '2023-05-12', 0, 1, '3', 5, NULL, NULL, 'ثلاجة عدن    ', '2023-05-14', '', 1, '2023-05-23', '2023-05-15', '0'),
(29, 30003, 8, 8, 36, '3459AED', '', 'SHAZ67651000', '', NULL, NULL, NULL, NULL, NULL, NULL, 0, 1, 8, '2023-04-04', '2023-05-23', NULL, '2023-04-04', '2023-04-04', '2023-05-13', 'وضاح الحكيمي', 3, '2023-05-10', 1, 0, '2', 8, NULL, NULL, 'هنجر عدن  ', '2023-05-16', '', 1, '2023-05-23', '2023-05-21', '0'),
(30, 5465, 4, 4, 37, '978237', '', 'JBS176327', '', NULL, NULL, NULL, NULL, NULL, NULL, 0, 1, 4, '2023-05-23', '2023-05-28', NULL, '2023-04-19', '2023-05-23', '2023-05-18', 'وضاح الحكيمي', 3, '2023-05-17', 0, 1, '3', 5, NULL, NULL, 'ثلاجة عدن  ', '2023-05-20', '', 1, '2023-05-28', '2023-05-21', '0'),
(31, 5466, 4, 4, 39, '980745', '', 'JBS176827', '', NULL, NULL, NULL, NULL, NULL, NULL, 0, 1, 4, '2023-05-25', '2023-06-08', NULL, '2023-04-19', '2023-05-25', '2023-05-29', 'وضاح الحكيمي', 3, '2023-05-28', 0, 1, '3', 5, NULL, NULL, 'ثلاجة عدن ', '2023-05-30', '', 1, '2023-06-08', '2023-05-31', '0'),
(32, 5044, 9, 9, 24, 'XXX', '', 'لا يوجد', '', NULL, NULL, NULL, NULL, NULL, NULL, 0, 1, 7, '2023-04-17', '2023-05-11', NULL, '2023-04-17', '2023-04-17', '2023-04-17', 'علي الشرفي', 3, '2023-04-17', 2, 0, '2', 6, NULL, NULL, 'حوش عدن     ', '2023-04-19', '', 1, '2023-04-26', '2023-05-10', '0'),
(33, 80014, 10, 10, 26, 'RT-X/23/009', '', 'BOM300031600', '', NULL, NULL, NULL, NULL, NULL, NULL, 0, 1, 3, '2023-04-17', '2023-05-07', NULL, '2023-04-17', '2023-04-17', '2023-04-18', 'وضاح الحكيمي', 3, '2023-04-02', 0, 1, '4', 9, NULL, NULL, 'حوش عدن     ', '2023-05-06', '', NULL, '2023-04-11', '2023-05-07', '0'),
(34, 5467, 4, 4, 39, '983997', '', 'JBS177454', '', NULL, NULL, NULL, NULL, NULL, NULL, 0, 1, 4, '2023-05-25', '2023-06-08', NULL, '2023-05-08', '2023-05-25', '2023-05-29', 'وضاح الحكيمي', 3, '2023-05-28', 0, 1, '3', 5, NULL, NULL, 'ثلاجة عدن   ', '2023-05-30', '', 1, '2023-06-08', '2023-05-31', '0'),
(35, 5468, 4, 4, 40, '984115', '', 'JBS177552', '', NULL, NULL, NULL, NULL, NULL, NULL, 0, 1, 4, '2023-06-08', '2023-06-22', NULL, '2023-05-08', '2023-06-08', '2023-06-10', 'وضاح الحكيمي', 3, '2023-06-10', 0, 1, '3', 5, NULL, NULL, 'ثلاجة عدن  ', '2023-06-12', '', 1, '2023-06-21', '2023-06-13', '0'),
(36, 5045, 9, 9, 27, 'XXX', '', 'لا يوجد', '', NULL, NULL, NULL, NULL, NULL, NULL, 0, 1, 7, '2023-04-18', '2023-05-11', NULL, '2023-04-18', '2023-04-18', '2023-04-18', 'علي الشرفي', 3, '2023-04-18', 1, 0, '2', 6, NULL, NULL, 'حوش عدن   ', '2023-04-19', '', NULL, '2023-04-27', '2023-05-10', '0'),
(37, 5046, 9, 9, 29, 'XXX', '', 'لا يوجد', '', NULL, NULL, NULL, NULL, NULL, NULL, 0, 1, 7, '2023-04-18', '2023-05-11', NULL, '2023-04-18', '2023-04-18', '2023-04-18', 'علي الشرفي', 3, '2023-04-19', 1, 0, '2', 6, NULL, NULL, 'حوش عدن    ', '2023-04-20', '', NULL, '2023-04-28', '2023-05-10', '0'),
(38, 5047, 9, 9, 28, 'XXX', '', 'لا يوجد', '', NULL, NULL, NULL, NULL, NULL, NULL, 0, 1, 7, '2023-04-19', '2023-05-11', NULL, '2023-04-19', '2023-04-19', '2023-04-19', 'علي الشرفي', 3, '2023-04-19', 1, 0, '2', 6, NULL, NULL, 'حوش عدن    ', '2023-04-20', '', NULL, '2023-04-28', '2023-05-10', '0'),
(39, 5048, 9, 9, 31, 'XXX', '', 'لا يوجد', '', NULL, NULL, NULL, NULL, NULL, NULL, 0, 1, 7, '2023-05-08', '2023-05-23', NULL, '2023-05-08', '2023-05-08', '2023-05-08', 'علي الشرفي', 3, '2023-05-08', 2, 0, '2', 6, NULL, NULL, 'حوش عدن     ', '2023-05-10', '', 1, '2023-05-17', '2023-05-23', '0'),
(40, 5049, 9, 9, 32, 'XXX', '', 'لا يوجد', '', NULL, NULL, NULL, NULL, NULL, NULL, 0, 1, 7, '2023-05-11', '2023-05-23', NULL, '2023-05-11', '2023-05-11', '2023-05-11', 'علي الشرفي', 3, '2023-05-11', 1, 0, '2', 6, NULL, NULL, 'حوش عدن     ', '2023-05-12', '', 1, '2023-05-20', '2023-05-23', '0'),
(41, 5050, 9, 9, 33, 'XXX', '', 'لا يوجد', '', NULL, NULL, NULL, NULL, NULL, NULL, 0, 1, 7, '2023-05-13', '2023-05-23', NULL, '2023-05-13', '2023-05-13', '2023-05-13', 'علي الشرفي', 3, '2023-05-13', 1, 0, '2', 6, NULL, NULL, 'حوش عدن   ', '2023-05-14', '', 1, '2023-05-22', '2023-05-23', '0'),
(42, 5051, 9, 9, 35, 'XXX', '', 'لا يوجد', '', NULL, NULL, NULL, NULL, NULL, NULL, 0, 1, 7, '2023-05-17', '2023-05-27', NULL, '2023-05-17', '2023-05-17', '2023-05-17', 'علي الشرفي', 3, '2023-05-17', 1, 0, '2', 6, NULL, NULL, 'حوش عدن   ', '2023-05-18', '', 1, '2023-05-26', '2023-05-23', '0'),
(45, 5470, 4, 4, 48, '994240', '', 'JBS180273', '', NULL, NULL, NULL, NULL, NULL, NULL, 0, 1, 4, '2023-07-08', '2023-07-22', NULL, '2023-06-03', '2023-07-08', '2023-07-10', 'وضاح الحكيمي', 3, '2023-07-08', 0, 1, '3', 5, NULL, NULL, 'ثلاجة عدن   ', '2023-07-11', '', 1, '2023-07-19', '2023-07-22', '0'),
(46, 5471, 4, 4, 47, '995566', '', 'JBS180418', '', NULL, NULL, NULL, NULL, NULL, NULL, 0, 1, 4, '2023-07-06', '2023-07-22', NULL, '2023-06-03', '2023-07-06', '2023-07-07', 'وضاح الحكيمي', 3, '2023-07-05', 0, 1, '3', 5, NULL, NULL, 'ثلاجة عدن   ', '2023-07-09', '', 1, '2023-07-16', '2023-07-22', '0'),
(47, 5472, 4, 4, 50, '997601', '', '228005575', '', NULL, NULL, NULL, NULL, NULL, NULL, 0, 1, 4, '2023-07-08', '2023-08-03', NULL, '2023-06-13', '2023-07-08', '2023-07-24', 'وضاح الحكيمي', 3, '2023-07-23', 0, 1, '3', 5, NULL, NULL, 'ثلاجة عدن     ', '2023-07-25', '', 1, '2023-08-03', '2023-08-01', '0'),
(48, 5469, 4, 4, 46, '989983', '', 'JBS179116', '', NULL, NULL, NULL, NULL, NULL, NULL, 0, 1, 4, '2023-06-20', '2023-07-22', NULL, '2023-05-28', '2023-06-20', '2023-06-20', 'وضاح الحكيمي', 3, '2023-06-29', 0, 1, '3', 5, NULL, NULL, 'ثلاجة عدن    ', '2023-07-09', '', 1, '2023-07-10', '2023-07-22', '0'),
(49, 20246, 5, 5, 49, 'PGGL/0158/2023-2024', '', 'MEDUOM235208', '', NULL, NULL, NULL, NULL, NULL, NULL, 0, 1, 1, '2023-07-12', '2023-07-27', NULL, '2023-06-22', '2023-07-12', '2023-07-12', 'وضاح الحكيمي', 3, '2023-07-10', 0, 9, '4', 2, NULL, NULL, 'حوش عدن      ', '2023-07-17', '', 1, '2023-07-21', '2023-07-27', '0'),
(50, 20247, 12, 12, 43, 'EX10', '', 'MEDUIX208941', '', NULL, NULL, NULL, NULL, NULL, NULL, 0, 1, 1, '2023-07-06', '2023-07-22', NULL, '2023-06-22', '2023-07-06', '2023-07-06', 'وضاح الحكيمي', 3, '2023-07-10', 1, 0, '3', 2, NULL, NULL, 'تعز الحصب ', '2023-07-17', '', 1, '2023-07-21', '2023-07-22', '0'),
(51, 5473, 4, 4, 53, '1000832', '', 'JBS182676', '', NULL, NULL, NULL, NULL, NULL, NULL, 0, 1, 4, '2023-08-01', '2023-08-15', NULL, '2023-06-22', '2023-08-01', '2023-08-05', 'وضاح الحكيمي', 3, '2023-08-04', 0, 1, '3', 5, NULL, NULL, 'ثلاجة عدن   ', '2023-08-06', '', 1, '2023-08-15', '2023-08-09', '0'),
(52, 5474, 4, 4, 55, '1004660', '', 'JBS184384', '', NULL, NULL, NULL, NULL, NULL, NULL, 0, 1, 4, '2023-07-09', '2023-09-03', NULL, '2023-07-09', '2023-07-09', '2023-08-23', 'وضاح الحكيمي', 3, '2023-08-22', 0, 1, '3', 5, NULL, NULL, 'ثلاجة عدن     ', '2023-08-24', '', 1, '2023-09-02', '2023-08-30', '0'),
(53, 6010, 5, 5, 41, 'PGGL/0237/2023-2024', '', 'لا يوجد', '', NULL, NULL, NULL, NULL, NULL, NULL, 0, 1, 9, '2023-07-08', '2023-07-17', NULL, '2023-07-08', '2023-07-08', '2023-07-08', 'مصلح', 3, '2023-07-08', 3, 0, '2', 6, NULL, NULL, 'حوش عدن   ', '2023-07-11', '', 1, '2023-07-17', NULL, '0'),
(54, 90015, 11, 11, 38, 'SO-342', '', 'XXX', '', NULL, NULL, NULL, NULL, NULL, NULL, 0, 1, 5, '2023-05-24', '2023-07-13', NULL, '2023-05-24', '2023-05-24', '2023-05-24', 'وضاح الحكيمي', 3, '2023-05-24', 1, 0, '4', 10, NULL, NULL, 'تايوان  ', '2023-05-24', '', NULL, '2023-06-06', '2023-05-31', '0'),
(55, 25001, 13, 13, 58, '2023-06-IN-312', '', 'DXB300324300', '', NULL, NULL, NULL, NULL, NULL, NULL, 0, 2, 2, '2023-08-01', '2023-09-19', NULL, '2023-07-13', '2023-07-13', '2023-08-01', 'توفيق الحكيمي ', 3, '2023-08-11', 2, 1, '3', 13, NULL, NULL, 'الربيعي    ', '2023-08-20', '', 1, '2023-08-24', '2023-09-19', '0'),
(56, 31005, 14, 14, 44, '113/23-24', '', '635-07736142', '', NULL, NULL, NULL, NULL, NULL, NULL, 0, 1, 6, '2023-07-12', '2023-07-22', NULL, '2023-07-12', '2023-07-12', '2023-07-17', 'وضاح الحكيمي', 3, '2023-07-12', 1, 0, '2', 11, NULL, NULL, 'حوش عدن   ', '2023-07-18', '', 1, '2023-07-21', '2023-07-22', '0'),
(57, 6011, 5, 5, 42, 'PGGL/0308/2023-2024', '', 'لا يوجد', '', NULL, NULL, NULL, NULL, NULL, NULL, 0, 1, 9, '2023-07-16', '2023-07-23', NULL, '2023-07-16', '2023-07-14', '2023-07-14', 'مصلح', 3, '2023-07-14', 5, 0, '2', 6, NULL, NULL, 'حوش عدن    ', '2023-07-20', '', 1, '2023-07-23', NULL, '0'),
(58, 5475, 4, 4, 55, '1009556', '', 'JBS185479', '', NULL, NULL, NULL, NULL, NULL, NULL, 0, 1, 4, '2023-07-16', '2023-09-03', NULL, '2023-07-16', '2023-07-16', '2023-08-23', 'وضاح الحكيمي', 3, '2023-08-22', 0, 1, '3', 5, NULL, NULL, 'ثلاجة عدن  ', '2023-08-24', '', 1, '2023-09-02', '2023-08-30', '0'),
(59, 5476, 4, 4, 55, '1011134', '', 'JBS185956', '', NULL, NULL, NULL, NULL, NULL, NULL, 0, 1, 4, '2023-07-16', '2023-09-03', NULL, '2023-07-16', '2023-07-16', '2023-08-23', 'وضاح الحكيمي', 3, '2023-08-22', 0, 1, '3', 5, NULL, NULL, 'ثلاجة عدن    ', '2023-08-24', '', 1, '2023-09-02', '2023-08-30', '0'),
(60, 90016, 11, 11, 45, 'SO-350', '', 'XXX', '', NULL, NULL, NULL, NULL, NULL, NULL, 0, 1, 5, '2023-06-24', '2023-07-22', NULL, '2023-06-24', '2023-06-24', '2023-06-24', 'وضاح الحكيمي', 3, '2023-06-29', 1, 0, '3', 1, NULL, NULL, 'KOREA ', '2023-06-29', '', NULL, '2023-07-12', '2023-07-22', '0'),
(61, 90017, 11, 11, 51, 'SO-121', '', 'XXX', '', NULL, NULL, NULL, NULL, NULL, NULL, 0, 1, 5, '2023-07-13', '2023-07-27', NULL, '2023-07-13', '2023-07-13', '2023-07-13', 'وضاح الحكيمي', 3, '2023-07-13', 0, 1, '2', 1, NULL, NULL, 'LONDON  ', '2023-07-13', '', NULL, '2023-07-26', '2023-07-27', '0'),
(62, 90018, 11, 11, 52, 'SO-122', '', 'XXX', '', NULL, NULL, NULL, NULL, NULL, NULL, 0, 1, 5, '2023-07-25', '2023-08-07', NULL, '2023-07-25', '2023-07-25', '2023-07-25', 'وضاح الحكيمي', 3, '2023-07-25', 1, 0, '3', 1, NULL, NULL, 'KOREA ', '2023-07-25', '', 1, '2023-08-07', '2023-08-01', '0'),
(63, 25002, 15, 15, 60, '110456728', '', 'WINJEDHOD0143/23', '', NULL, NULL, NULL, NULL, NULL, NULL, 0, 2, 2, '2023-08-02', '2023-09-19', NULL, '2023-08-02', '2023-08-02', '2023-08-03', 'توفيق الحكيمي ', 3, '2023-08-01', 4, 0, '3', 4, NULL, NULL, 'الربيعي ', '2023-08-10', '', 1, '2023-08-14', '2023-09-19', '0'),
(64, 25003, 16, 16, 62, '051/EXM/23-24', '', 'DEL300059300', '', NULL, NULL, NULL, NULL, NULL, NULL, 0, 2, 2, '2023-08-02', '2023-10-11', NULL, '2023-08-02', '2023-08-02', '2023-09-17', 'توفيق الحكيمي ', 3, '2023-09-18', 1, 0, '3', 13, NULL, NULL, 'الربيعي  ', '2023-09-28', '', 1, '2023-10-01', '2023-10-09', '0'),
(65, 25004, 17, 17, 59, 'UCM/ALTAKAMOL/02/2023', '', 'PRLJEAHOD01105', '', NULL, NULL, NULL, NULL, NULL, NULL, 0, 2, 2, '2023-08-20', '2023-09-19', NULL, '2023-08-03', '2023-08-03', '2023-08-20', 'توفيق الحكيمي ', 3, '2023-08-26', 1, 0, '3', 12, NULL, NULL, 'الربيعي', '2023-09-04', '', 1, '2023-09-08', '2023-09-19', '0'),
(67, 25005, 18, 18, 61, 'UCM/ALTAKAMOL/07/2023', '', 'AQJ300053200', '', NULL, NULL, NULL, NULL, NULL, NULL, 0, 2, 2, '2023-08-03', '2023-10-11', NULL, '2023-08-03', '2023-08-03', '2023-09-17', 'توفيق الحكيمي ', 3, '2023-09-18', 2, 0, '3', 13, NULL, NULL, 'الربيعي    ', '2023-09-28', '', 1, '2023-10-01', '2023-10-09', '0'),
(68, 5477, 19, 19, 54, '107929', '', 'COP0258183', '', NULL, NULL, NULL, NULL, NULL, NULL, 0, 1, 4, '2023-08-27', '2023-09-05', NULL, '2023-08-10', '2023-08-10', '2023-08-23', 'وضاح الحكيمي', 3, '2023-08-22', 0, 2, '3', 1, NULL, NULL, 'ثلاجة عدن   ', '2023-08-24', '', 1, '2023-09-04', '2023-08-27', '0'),
(69, 5478, 4, 4, 64, '1019662', '', 'CUR9056001A', '', NULL, NULL, NULL, NULL, NULL, NULL, 0, 1, 4, '2023-09-24', '2023-10-18', NULL, '2023-08-12', '2023-08-12', '2023-10-05', 'وضاح الحكيمي', 3, '2023-10-05', 0, 1, '3', 1, NULL, NULL, 'ثلاجة عدن        ', '2023-10-07', '', 1, '2023-10-18', '2023-10-10', '0'),
(70, 5479, 4, 4, 64, '1019817', '', 'CUR9055877A', '', NULL, NULL, NULL, NULL, NULL, NULL, 0, 1, 4, '2023-09-24', '2023-10-18', NULL, '2023-08-12', '2023-08-12', '2023-10-05', 'وضاح الحكيمي', 3, '2023-10-05', 0, 1, '3', 1, NULL, NULL, 'ثلاجة عدن ', '2023-10-07', '', 1, '2023-10-18', '2023-10-10', '0'),
(71, 5480, 4, 4, 64, '1020021', '', 'CUR9055877B', '', NULL, NULL, NULL, NULL, NULL, NULL, 0, 1, 4, '2023-09-24', '2023-10-18', NULL, '2023-08-12', '2023-08-12', '2023-10-05', 'وضاح الحكيمي', 3, '2023-10-05', 0, 1, '3', 1, NULL, NULL, 'ثلاجة عدن ', '2023-10-07', '', 1, '2023-10-18', '2023-10-10', '0'),
(72, 25006, 20, 20, 63, 'UTL109/23-24', '', 'EMKMUNHOD16742', '', NULL, NULL, NULL, NULL, NULL, NULL, 0, 2, 2, '2023-08-16', '2023-10-11', NULL, '2023-08-16', '2023-08-16', '2023-09-06', 'توفيق الحكيمي ', 3, '2023-09-06', 20, 0, '3', 4, NULL, NULL, 'الربيعي + الفروع   ', '2023-09-13', '', 1, '2023-09-19', '2023-10-09', '0'),
(73, 25007, 20, 20, 101, 'UTL110/23-24', '', 'EMKMUNHOD16831', '', NULL, NULL, NULL, NULL, NULL, NULL, 0, 2, 2, '2023-08-16', '2024-01-27', NULL, '2023-08-16', '2023-08-16', '2024-01-01', 'توفيق الحكيمي ', 3, '2024-01-05', 20, 0, '3', 4, NULL, NULL, 'الربيعي+ الفروع     ', '2024-01-09', '', 1, '2024-01-18', '2024-01-27', '0'),
(74, 90019, 11, 11, 56, 'SO-382', '', 'XXX', '', NULL, NULL, NULL, NULL, NULL, NULL, 0, 1, 5, '2023-08-20', '2023-09-03', NULL, '2023-08-20', '2023-08-20', '2023-08-20', 'وضاح الحكيمي', 3, '2023-08-21', 1, 0, '3', 1, NULL, NULL, 'JAPAN ', '2023-08-21', '', 1, '2023-09-03', '2023-08-30', '0'),
(75, 5481, 4, 4, 91, '1023084', '', 'MEDURG757939', '', NULL, NULL, NULL, NULL, NULL, NULL, 0, 1, 4, '2023-11-20', '2023-12-21', NULL, '2023-09-06', '2023-11-20', '2023-12-11', 'وضاح الحكيمي', 3, '2023-12-10', 0, 1, '3', 2, NULL, NULL, 'ثلاجة عدن    ', '2023-12-12', '', 1, '2023-12-21', '2023-12-14', '0'),
(76, 5482, 4, 4, 73, '1023674', '', 'MEDUAJ876047', '', NULL, NULL, NULL, NULL, NULL, NULL, 0, 1, 4, '2023-10-22', '2023-11-22', NULL, '2023-09-06', '2023-10-22', '2023-10-17', 'وضاح الحكيمي', 3, '2023-10-16', 0, 1, '3', 2, NULL, NULL, 'إتلاف الحاوية  ', '2023-11-16', '', 1, '2023-10-27', '2023-11-21', '0'),
(77, 5483, 4, 4, 76, '1027681', '', 'CUR9056284C', '', NULL, NULL, NULL, NULL, NULL, NULL, 0, 1, 4, '2023-10-29', '2023-11-14', NULL, '2023-09-06', '2023-10-29', '2023-11-04', 'وضاح الحكيمي', 3, '2023-11-01', 0, 1, '3', 1, NULL, NULL, 'ثلاجة عدن        ', '2023-11-06', '', 1, '2023-11-14', '2023-11-08', '0'),
(78, 30004, 21, 21, 57, 'AF010/2023', '', 'VCLAQBADE2855523', '', NULL, NULL, NULL, NULL, NULL, NULL, 0, 1, 8, '2023-09-03', '2023-09-23', NULL, '2023-09-03', '2023-09-03', '2023-09-03', 'وضاح الحكيمي', 3, '2023-09-03', 1, 0, '2', 14, NULL, NULL, 'تعز الحصب   ', '2023-09-16', '', 1, '2023-09-16', '2023-09-21', '0'),
(79, 5484, 4, 4, 77, '1033165', '', 'CUR9056535A', '', NULL, NULL, NULL, NULL, NULL, NULL, 0, 1, 4, '2023-11-07', '2023-11-25', NULL, '2023-09-19', '2023-11-07', '2023-11-13', 'وضاح الحكيمي', 3, '2023-11-12', 0, 1, '3', 1, NULL, NULL, 'ثلاجة عدن     ', '2023-11-14', '', 1, '2023-11-25', '2023-11-21', '0'),
(80, 25008, 16, 16, 80, '081/EXM/23-24', '', 'DEL300071400', '', NULL, NULL, NULL, NULL, NULL, NULL, 0, 2, 2, '2023-10-01', '2023-12-09', NULL, '2023-10-01', '2023-10-01', '2023-10-01', 'توفيق الحكيمي ', 3, '2023-11-11', 0, 1, '3', 13, NULL, NULL, 'الربيعي   ', '2023-11-21', '', 1, '2023-11-24', '2023-12-06', '0'),
(81, 25009, 22, 23, 75, 'UCM/ALTAKAMOL/04/2023', '', '229270162', '', NULL, NULL, NULL, NULL, NULL, NULL, 0, 2, 2, '2023-10-01', '2023-12-09', NULL, '2023-10-01', '2023-10-01', '2023-10-01', 'توفيق الحكيمي ', 3, '2023-10-28', 8, 0, '3', 3, NULL, NULL, 'الربيعي  ', '2023-11-02', '', 1, '2023-11-06', '2023-11-30', '0'),
(82, 25010, 23, 22, 95, '909', '', 'VCLAQBHOD2890523', '', NULL, NULL, NULL, NULL, NULL, NULL, 0, 2, 2, '2023-10-01', '2024-01-02', NULL, '2023-10-01', '2023-10-01', '2023-12-01', 'توفيق الحكيمي ', 3, '2023-12-09', 21, 0, '3', 14, NULL, NULL, 'الربيعي      ', '2023-12-19', '', 1, '2023-12-22', '2024-01-02', '0'),
(83, 5485, 4, 4, 86, '1036928', '', 'CUR9056412A', '', NULL, NULL, NULL, NULL, NULL, NULL, 0, 1, 4, '2023-11-21', '2023-12-17', NULL, '2023-10-07', '2023-11-21', '2023-12-05', 'وضاح الحكيمي', 3, '2023-12-04', 0, 1, '3', 1, NULL, NULL, 'ثلاجة عدن      ', '2023-12-06', '', 1, '2023-12-17', '2023-12-10', '0'),
(84, 5486, 4, 4, 77, '1038273', '', 'CUR9056323B', '', NULL, NULL, NULL, NULL, NULL, NULL, 0, 1, 4, '2023-11-20', '2023-11-25', NULL, '2023-10-08', '2023-11-20', '2023-11-13', 'وضاح الحكيمي', 3, '2023-11-12', 0, 1, '3', 1, NULL, NULL, 'ثلاجة عدن       ', '2023-11-14', '', 1, '2023-11-25', '2023-11-21', '0'),
(85, 5052, 24, 24, 65, 'XXXX', '', 'لا يوجد', '', NULL, NULL, NULL, NULL, NULL, NULL, 0, 1, 7, '2023-10-14', '2023-10-23', NULL, '2023-10-14', '2023-10-14', '2023-10-14', 'علي الشرفي', 3, '2023-10-14', 2, 0, '2', 6, NULL, NULL, 'حوش عدن  ', '2023-10-16', '', 1, '2023-10-23', NULL, '0'),
(86, 5053, 5, 5, 66, 'XXX', '', 'لا يوجد', '', NULL, NULL, NULL, NULL, NULL, NULL, 0, 1, 7, '2023-10-18', '2023-10-28', NULL, '2023-10-18', '2023-10-18', '2023-10-18', 'علي الشرفي', 3, '2023-10-18', 7, 0, '2', 6, NULL, NULL, 'حوش عدن   ', '2023-10-20', '', 1, '2023-10-27', NULL, '0'),
(87, 5054, 5, 5, 67, 'XXX', '', 'لا يوجد', '', NULL, NULL, NULL, NULL, NULL, NULL, 0, 1, 7, '2023-10-19', '2023-10-28', NULL, '2023-10-19', '2023-10-19', '2023-10-19', 'علي الشرفي', 3, '2023-10-19', 7, 0, '2', 6, NULL, NULL, 'حوش عدن   ', '2023-10-21', '', 1, '2023-10-28', NULL, '0'),
(88, 5055, 5, 5, 68, 'XXX', '', 'لا يوجد', '', NULL, NULL, NULL, NULL, NULL, NULL, 0, 1, 7, '2023-10-19', '2023-10-28', NULL, '2023-10-19', '2023-10-19', '2023-10-19', 'علي الشرفي', 3, '2023-10-19', 3, 0, '2', 6, NULL, NULL, 'حوش عدن   ', '2023-10-21', '', 1, '2023-10-28', NULL, '0'),
(89, 5056, 5, 5, 69, 'XXX', '', 'لا يوجد', '', NULL, NULL, NULL, NULL, NULL, NULL, 0, 1, 7, '2023-10-21', '2023-10-30', NULL, '2023-10-21', '2023-10-21', '2023-10-21', 'علي الشرفي', 3, '2023-10-21', 5, 0, '2', 6, NULL, NULL, 'حوش عدن   ', '2023-10-23', '', 1, '2023-10-30', NULL, '0'),
(90, 5057, 5, 5, 70, 'XXX', '', 'لا يوجد', '', NULL, NULL, NULL, NULL, NULL, NULL, 0, 1, 7, '2023-10-22', '2023-10-31', NULL, '2023-10-22', '2023-10-22', '2023-10-22', 'علي الشرفي', 3, '2023-10-22', 1, 0, '2', 6, NULL, NULL, 'حوش عدن  ', '2023-10-24', '', 1, '2023-10-31', NULL, '0'),
(91, 5058, 5, 5, 71, 'XXX', '', 'لا يوجد', '', NULL, NULL, NULL, NULL, NULL, NULL, 0, 1, 7, '2023-10-22', '2023-10-31', NULL, '2023-10-22', '2023-10-22', '2023-10-22', 'علي الشرفي', 3, '2023-10-22', 1, 0, '2', 6, NULL, NULL, 'حوش عدن  ', '2023-10-24', '', 1, '2023-10-31', NULL, '0'),
(92, 5059, 5, 5, 72, 'XXX', '', 'لا يوجد', '', NULL, NULL, NULL, NULL, NULL, NULL, 0, 1, 7, '2023-10-23', '2023-11-01', NULL, '2023-10-23', '2023-10-23', '2023-10-23', 'علي الشرفي', 3, '2023-10-23', 2, 0, '2', 6, NULL, NULL, 'حوش عدن    ', '2023-10-25', '', 1, '2023-11-01', NULL, '0'),
(93, 25011, 25, 25, 94, 'PCC23091201', '', 'TJN0256800', '', NULL, NULL, NULL, NULL, NULL, NULL, 0, 2, 2, '2023-10-29', '2024-01-02', NULL, '2023-10-29', '2023-10-29', '2023-12-01', 'توفيق الحكيمي ', 3, '2023-12-13', 2, 0, '3', 1, NULL, NULL, 'الربيعي ', '2023-12-19', '', 1, '2023-12-26', '2024-01-02', '0'),
(94, 31006, 26, 26, 74, '976/E', '', '635-07759010', '', NULL, NULL, NULL, NULL, NULL, NULL, 0, 1, 6, '2023-10-31', '2023-11-09', NULL, '2023-10-31', '2023-10-31', '2023-10-31', 'وضاح الحكيمي', 3, '2023-10-31', 1, 0, '2', 11, NULL, NULL, 'حوش عدن      ', '2023-11-01', '', 1, '2023-11-09', '2023-11-08', '0'),
(95, 5487, 4, 4, 84, '1043988', '', 'CUR9056706D', '', NULL, NULL, NULL, NULL, NULL, NULL, 0, 1, 4, '2023-12-06', '2023-12-09', NULL, '2023-11-04', '2023-12-06', '2023-11-25', 'وضاح الحكيمي', 3, '2023-11-25', 0, 1, '3', 1, NULL, NULL, 'ثلاجة عدن     ', '2023-11-27', '', 1, '2023-12-08', '2023-11-27', '0'),
(96, 5488, 4, 4, 84, '1043990', '', 'CUR9056706A', '', NULL, NULL, NULL, NULL, NULL, NULL, 0, 1, 4, '2023-12-06', '2023-12-09', NULL, '2023-11-04', '2023-12-06', '2023-11-25', 'وضاح الحكيمي', 3, '2023-11-25', 0, 1, '3', 1, NULL, NULL, 'ثلاجة عدن   ', '2023-11-27', '', 1, '2023-12-08', '2023-11-28', '0'),
(98, 5489, 4, 4, 84, '1043992', '', 'CUR9056706B', '', NULL, NULL, NULL, NULL, NULL, NULL, 0, 1, 4, '2023-12-06', '2023-12-09', NULL, '2023-11-04', '2023-12-06', '2023-11-25', 'وضاح الحكيمي', 3, '2023-11-25', 0, 1, '3', 1, NULL, NULL, 'ثلاجة عدن  ', '2023-11-27', '', 1, '2023-12-08', '2023-11-28', '0'),
(99, 20248, 6, 6, 79, '3700002785', '', 'DXB0798508', '', NULL, NULL, NULL, NULL, NULL, NULL, 0, 1, 1, '2023-11-04', '2023-11-25', NULL, '2023-11-04', '2023-11-04', '2023-11-13', 'وضاح الحكيمي', 3, '2023-11-12', 1, 0, '3', 1, NULL, NULL, 'حوش عدن  ', '2023-11-15', '', 1, '2023-11-25', '2023-11-21', '0'),
(100, 25012, 20, 20, 150, 'UTL121/23-24', '', 'EMKMUNHOD17284', '', NULL, NULL, NULL, NULL, NULL, NULL, 0, 2, 2, '2023-11-06', '2024-03-30', NULL, '2023-11-06', '2023-11-06', '2024-03-15', 'توفيق الحكيمي ', 3, '2024-03-15', 15, 0, '3', 4, NULL, NULL, 'الربيعي + الفروع        ', '2024-03-19', '', 1, '2024-03-28', NULL, '0'),
(101, 25013, 27, 27, 99, '1071', '', 'AQJ300078300', '', NULL, NULL, NULL, NULL, NULL, NULL, 0, 2, 2, '2023-11-06', '2024-02-13', NULL, '2023-11-06', '2023-11-06', '2023-12-26', 'توفيق الحكيمي ', 3, '2023-12-27', 1, 0, '3', 13, NULL, NULL, 'الربيعي  ', '2024-01-02', '', 1, '2024-01-09', '2024-01-30', '0'),
(102, 20249, 28, 28, 78, 'EE/1013/23-24', '', '232282497', '', NULL, NULL, NULL, NULL, NULL, NULL, 0, 1, 1, '2023-11-23', '2023-11-27', NULL, '2023-11-08', '2023-11-23', '2023-11-13', 'وضاح الحكيمي', 3, '2023-11-12', 0, 1, '3', 3, NULL, NULL, 'حوش عدن   ', '2023-11-15', '', 1, '2023-11-21', '2023-11-21', '0'),
(103, 20250, 29, 29, 96, 'T00238/23', '', 'PENA56224900', '', NULL, NULL, NULL, NULL, NULL, NULL, 0, 1, 1, '2023-11-23', '2023-12-30', NULL, '2023-11-08', '2023-11-23', '2023-12-18', 'وضاح الحكيمي', 3, '2023-12-16', 0, 1, '3', 8, NULL, NULL, 'حوش عدن ', '2023-12-21', '', 1, '2023-12-29', '2023-12-27', '0'),
(104, 20251, 30, 30, 97, 'MWL-641-2023', '', 'CSX23BLWADE073525', '', NULL, NULL, NULL, NULL, NULL, NULL, 0, 1, 1, '2023-12-06', '2023-12-30', NULL, '2023-11-08', '2023-12-06', '2023-12-18', 'وضاح الحكيمي', 3, '2023-12-16', 5, 0, '4', 15, NULL, NULL, 'الحصب', '2023-12-19', '', 1, '2023-12-29', '2023-12-27', '0'),
(105, 25014, 20, 20, 105, 'UTL122/23.24', '', 'EMKMUNHOD17312', '', NULL, NULL, NULL, NULL, NULL, NULL, 0, 2, 2, '2023-11-15', '2024-02-13', NULL, '2023-11-15', '2023-11-15', '2024-01-01', 'توفيق الحكيمي ', 3, '2024-01-18', 15, 0, '3', 4, NULL, NULL, 'صنعاء + إب ', '2024-01-21', '', 1, '2024-01-31', '2024-02-12', '0'),
(106, 25015, 31, 31, 151, 'UCM/ALTAKAMOL/03/B', '', 'JSLMUNHOD-230568', '', NULL, NULL, NULL, NULL, NULL, NULL, 0, 2, 2, '2023-11-15', '2024-03-30', NULL, '2023-11-15', '2023-11-15', '2024-03-15', 'توفيق الحكيمي ', 3, '2024-03-15', 7, 0, '3', 16, NULL, NULL, 'الربيعي        ', '2024-03-19', '', 1, '2024-03-28', NULL, '0'),
(107, 25016, 31, 31, 151, 'UCM/ALTAKAMOL/03/A', '', 'JSLMUNHOD-230578', '', NULL, NULL, NULL, NULL, NULL, NULL, 0, 2, 2, '2023-11-15', '2024-03-30', NULL, '2023-11-15', '2023-11-15', '2024-03-15', 'توفيق الحكيمي ', 3, '2024-03-15', 13, 0, '3', 16, NULL, NULL, 'الربيعي        ', '2024-03-19', '', 1, '2024-03-28', NULL, '0'),
(108, 5490, 4, 4, 138, '1051426', '', 'CUR9057106C', '', NULL, NULL, NULL, NULL, NULL, NULL, 0, 1, 4, '2024-01-02', '2024-03-17', NULL, '2023-11-15', '2024-01-02', '2024-03-06', 'وضاح الحكيمي', 3, '2024-03-04', 0, 1, '3', 1, NULL, NULL, 'ثلاجة عدن        ', '2024-03-07', '', 1, '2024-03-17', NULL, '0'),
(109, 5491, 4, 4, 138, '1051601', '', 'CUR9057106B', '', NULL, NULL, NULL, NULL, NULL, NULL, 0, 1, 4, '2024-01-02', '2024-03-17', NULL, '2023-11-15', '2024-01-02', '2024-03-06', 'وضاح الحكيمي', 3, '2024-03-04', 0, 1, '3', 1, NULL, NULL, 'ثلاجة عدن  ', '2024-03-07', '', 1, '2024-03-17', NULL, '0'),
(110, 31007, 32, 32, 83, '82425', '', '635-07760336', '', NULL, NULL, NULL, NULL, NULL, NULL, 0, 1, 6, '2023-11-20', '2023-11-29', NULL, '2023-11-20', '2023-11-20', '2023-11-20', 'وضاح الحكيمي', 3, '2023-11-20', 1, 0, '3', 11, NULL, NULL, 'حوش عدن   ', '2023-11-22', '', 1, '2023-11-29', '2023-11-27', '0'),
(111, 5060, 33, 33, 81, 'XXX', '', 'لا يوجد', '', NULL, NULL, NULL, NULL, NULL, NULL, 0, 1, 7, '2023-11-16', '2023-11-25', NULL, '2023-11-16', '2023-11-16', '2023-11-16', 'علي الشرفي', 3, '2023-11-16', 1, 0, '2', 6, NULL, NULL, 'حوش عدن  ', '2023-11-18', '', 1, '2023-11-25', NULL, '0'),
(112, 5061, 24, 24, 82, 'A-2023-259', '', 'لا يوجد', '', NULL, NULL, NULL, NULL, NULL, NULL, 0, 1, 7, '2023-11-18', '2023-11-27', NULL, '2023-11-18', '2023-11-18', '2023-11-18', 'علي الشرفي', 3, '2023-11-18', 2, 0, '2', 6, NULL, NULL, 'حوش عدن  ', '2023-11-20', '', 1, '2023-11-27', NULL, '0'),
(113, 20252, 2, 1, 85, 'SA232041', '', 'LHV3281317', '', NULL, NULL, NULL, NULL, NULL, NULL, 0, 1, 1, '2023-11-27', '2023-12-17', NULL, '2023-11-27', '2023-11-27', '2023-12-05', 'وضاح الحكيمي', 3, '2023-12-04', 1, 0, '3', 1, NULL, NULL, 'حوش عدن   ', '2023-12-06', '', 1, '2023-12-17', '2023-12-10', '0'),
(114, 20253, 34, 34, 92, 'E-490/2023-2024', '', 'MEDUUI583110', '', NULL, NULL, NULL, NULL, NULL, NULL, 0, 1, 1, '2024-01-02', '2024-01-03', NULL, '2023-11-27', '2024-01-02', '2023-12-12', 'وضاح الحكيمي', 3, '2023-12-10', 0, 1, '3', 2, NULL, NULL, 'حوش عدن  ', '2023-12-13', '', 1, '2023-12-21', '2023-12-14', '0'),
(115, 20254, 5, 5, 93, 'PGGL/0634/2023-2024', '', 'MEDUOM260503', '', NULL, NULL, NULL, NULL, NULL, NULL, 0, 1, 1, '2023-12-12', '2023-12-21', NULL, '2023-11-29', '2023-11-29', '2023-12-12', 'وضاح الحكيمي', 3, '2023-12-10', 0, 4, '3', 2, NULL, NULL, 'حوش عدن   ', '2023-12-13', '', 1, '2023-12-21', '2023-12-14', '0'),
(116, 5492, 4, 4, 104, '1058206', '', 'JBS200319', '', NULL, NULL, NULL, NULL, NULL, NULL, 0, 1, 4, '2024-01-02', '2024-01-29', NULL, '2023-12-02', '2024-01-02', '2024-01-20', 'وضاح الحكيمي', 3, '2024-01-18', 0, 1, '3', 5, NULL, NULL, 'ثلاجة عدن  ', '2024-01-21', '', 1, '2024-01-29', '2024-01-24', '0'),
(117, 5493, 4, 4, 179, '1062577', '', 'CUR9057394', '', NULL, NULL, NULL, NULL, NULL, NULL, 0, 1, 4, '2024-02-03', '2024-05-11', NULL, '2023-12-02', '2024-02-03', '2024-04-28', 'وضاح الحكيمي', 3, '2024-04-26', 0, 1, '3', 1, NULL, NULL, 'ثلاجة عدن              ', '2024-04-29', '', 1, '2024-05-09', '2024-05-11', '0'),
(118, 5062, 35, 35, 87, 'XXX', '', 'لا يوجد', '', NULL, NULL, NULL, NULL, NULL, NULL, 0, 1, 7, '2023-12-04', '2023-12-13', NULL, '2023-12-04', '2023-12-04', '2023-12-04', 'علي الشرفي', 3, '2023-12-04', 1, 0, '2', 6, NULL, NULL, 'الربيعي ', '2023-12-09', '', 1, '2023-12-13', NULL, '0'),
(119, 5063, 35, 35, 88, 'XXX', '', 'لا يوجد', '', NULL, NULL, NULL, NULL, NULL, NULL, 0, 1, 7, '2023-12-09', '2023-12-19', NULL, '2023-12-09', '2023-12-09', '2023-12-09', 'علي الشرفي', 3, '2023-12-09', 3, 0, '2', 6, NULL, NULL, 'الربيعي ', '2023-12-14', '', 1, '2023-12-18', NULL, '0'),
(120, 25017, 15, 15, 90, '110466677', '', 'GLNDMMHOD1123059', '', NULL, NULL, NULL, NULL, NULL, NULL, 0, 2, 2, '2023-12-06', '2024-01-02', NULL, '2023-12-06', '2023-12-05', '2023-12-06', 'توفيق الحكيمي ', 3, '2023-12-05', 5, 0, '2', 4, NULL, NULL, 'الربيعي   ', '2023-12-11', '', 1, '2023-12-18', '2024-01-02', '0'),
(121, 90020, 11, 11, 89, 'SO-123', '', 'XXX', '', NULL, NULL, NULL, NULL, NULL, NULL, 0, 1, 5, '2023-12-03', '2023-12-17', NULL, '2023-12-03', '2023-12-03', '2023-12-03', 'وضاح الحكيمي', 3, '2023-12-04', 1, 0, '3', 1, NULL, NULL, 'LONDON  ', '2023-12-04', '', 1, '2023-12-17', '2023-12-10', '0'),
(122, 5494, 4, 4, 179, '1065327', '', 'CUR9057233', '', NULL, NULL, NULL, NULL, NULL, NULL, 0, 1, 4, '2024-02-03', '2024-05-11', NULL, '2023-12-12', '2024-02-03', '2024-04-28', 'وضاح الحكيمي', 3, '2024-04-26', 0, 1, '3', 1, NULL, NULL, 'ثلاجة عدن           ', '2024-04-29', '', 1, '2024-05-09', '2024-05-11', '0'),
(123, 25018, 13, 13, 128, '462-IN-11-2023', '', 'DXB300517000', '', NULL, NULL, NULL, NULL, NULL, NULL, 0, 2, 2, '2023-12-13', '2024-02-19', NULL, '2023-12-13', '2023-12-13', '2024-02-05', 'توفيق الحكيمي ', 3, '2024-02-05', 3, 2, '3', 13, NULL, NULL, 'الربيعي    ', '2024-02-10', '', 1, '2024-02-18', '2024-02-18', '0'),
(124, 25019, 36, 36, 107, '1738453986', '', 'MUN300270900', '', NULL, NULL, NULL, NULL, NULL, NULL, 0, 2, 2, '2023-12-13', '2024-02-13', NULL, '2023-12-13', '2023-12-13', '2024-01-01', 'توفيق الحكيمي ', 3, '2024-01-18', 5, 0, '3', 13, NULL, NULL, 'الربيعي ', '2024-01-25', '', 1, '2024-01-31', '2024-02-12', '0'),
(126, 25020, 37, 38, 106, 'UCM/ALTAKAMOL/05/06/2023', '', 'AQJ300084500', '', NULL, NULL, NULL, NULL, NULL, NULL, 0, 2, 2, '2023-12-20', '2024-02-13', NULL, '2023-12-20', '2023-12-20', '2024-01-01', 'توفيق الحكيمي ', 3, '2024-01-18', 0, 1, '3', 13, NULL, NULL, 'الربيعي    ', '2024-01-25', '', 1, '2024-01-31', '2024-02-12', '0'),
(127, 25021, 38, 39, 109, 'UCM/ALYAKAMOL/08/2023', '', 'AQJ300087900', '', NULL, NULL, NULL, NULL, NULL, NULL, 0, 2, 2, '2023-12-20', '2024-02-13', NULL, '2023-12-20', '2023-12-20', '2024-01-01', 'توفيق الحكيمي ', 3, '2024-01-23', 0, 1, '3', 13, NULL, NULL, 'الربيعي     ', '2024-01-31', '', 1, '2024-02-05', '2024-02-12', '0'),
(128, 25022, 40, 43, 172, 'SO405000568', '', 'ANT1727960', '', NULL, NULL, NULL, NULL, NULL, NULL, 0, 2, 2, '2023-12-20', '2024-06-11', NULL, '2023-12-20', '2023-12-20', '2024-04-04', 'توفيق الحكيمي ', 3, '2024-04-04', 1, 0, '4', 1, NULL, NULL, 'الربيعي   ', '2024-05-29', '', 1, '2024-04-17', '2024-06-11', '0'),
(129, 25023, 39, 41, 171, 'SO40500567', '', 'ANT1728061', '', NULL, NULL, NULL, NULL, NULL, NULL, 0, 2, 2, '2023-12-20', '2024-05-07', NULL, '2023-12-20', '2023-12-20', '2024-04-04', 'توفيق الحكيمي ', 3, '2024-04-04', 1, 0, '4', 1, NULL, NULL, 'الربيعي          ', '2024-04-08', '', 1, '2024-04-17', '2024-05-05', '0'),
(130, 25024, 39, 40, 137, 'SO405000566', '', 'ANT1728088', '', NULL, NULL, NULL, NULL, NULL, NULL, 0, 2, 2, '2023-12-20', '2024-03-19', NULL, '2023-12-20', '2023-12-20', '2024-02-29', 'توفيق الحكيمي ', 3, '2024-03-01', 1, 0, '4', 1, NULL, NULL, 'الربيعي     ', '2024-03-04', '', 1, '2024-03-14', '2024-03-13', '0'),
(131, 25025, 41, 42, 173, 'SO405000569', '', 'ANT1728312', '', NULL, NULL, NULL, NULL, NULL, NULL, 0, 2, 2, '2023-12-20', '2024-05-07', NULL, '2023-12-20', '2023-12-20', '2024-04-04', 'توفيق الحكيمي ', 3, '2024-04-04', 1, 0, '4', 1, NULL, NULL, 'الربيعي       ', '2024-04-08', '', 1, '2024-04-17', '2024-05-05', '0'),
(132, 20255, 7, 7, 103, '002279', '', 'CFA0638811', '', NULL, NULL, NULL, NULL, NULL, NULL, 0, 1, 1, '2024-01-15', '2024-01-22', NULL, '2023-12-26', '2024-01-15', '2024-01-15', 'وضاح الحكيمي', 3, '2024-01-06', 1, 0, '4', 1, NULL, NULL, 'حوش عدن', '2024-01-17', '', 1, '2024-01-19', '2024-01-22', '0'),
(133, 20256, 42, 44, 102, '24SOM71024', '', 'CSX23PKGADE079762', '', NULL, NULL, NULL, NULL, NULL, NULL, 0, 1, 1, '2023-12-26', '2024-01-18', NULL, '2023-12-26', '2023-12-26', '2024-01-07', 'وضاح الحكيمي', 3, '2024-01-05', 1, 0, '3', 15, NULL, NULL, 'حوش عدن ', '2024-01-09', '', 1, '2024-01-18', '2024-01-13', '0'),
(134, 5495, 4, 4, 177, '1072916', '', 'CUR9057498', '', NULL, NULL, NULL, NULL, NULL, NULL, 0, 1, 4, '2024-02-13', '2024-05-11', NULL, '2024-01-01', '2024-02-13', '2024-04-28', 'وضاح الحكيمي', 3, '2024-04-26', 0, 1, '3', 1, NULL, NULL, 'ثلاجة عدن          ', '2024-04-29', '', 1, '2024-05-09', '2024-05-11', '0'),
(135, 6012, 43, 45, 98, '301003702', '', 'لا يوجد', '', NULL, NULL, NULL, NULL, NULL, NULL, 0, 1, 9, '2023-12-27', '2024-01-06', NULL, '2023-12-27', '2023-12-27', '2023-12-27', 'مصلح', 3, '2023-12-27', 1, 0, '2', 6, NULL, NULL, 'حوش عدن  ', '2024-01-01', '', 1, '2024-01-05', NULL, '0'),
(136, 31008, 44, 46, 100, '129130', '', '51514772', '', NULL, NULL, NULL, NULL, NULL, NULL, 0, 1, 6, '2024-01-06', '2024-02-15', NULL, '2024-01-06', '2024-01-06', '2024-01-06', 'وضاح الحكيمي', 3, '2024-01-06', 1, 0, '2', 11, NULL, NULL, 'حوش عدن   ', '2024-01-07', '', 1, '2024-01-15', '2024-01-15', '0'),
(137, 25026, 22, 23, 118, 'UCM/ALTAKAMOL/11/2023', '', 'ISB1374160', '', NULL, NULL, NULL, NULL, NULL, NULL, 0, 2, 2, '2024-01-01', '2024-02-13', NULL, '2024-01-01', '2024-01-01', '2024-01-11', 'توفيق الحكيمي ', 3, '2024-01-11', 8, 0, '3', 1, NULL, NULL, 'الربيعي  ', '2024-01-29', '', 1, '2024-01-24', '2024-02-12', '0'),
(138, 25027, 45, 47, 108, 'UCM/ALTAKAMOL/12/2023', '', 'CPI/JEA/HOD-803/24', '', NULL, NULL, NULL, NULL, NULL, NULL, 0, 2, 2, '2024-01-17', '2024-02-13', NULL, '2024-01-17', '2024-01-17', '2024-01-01', 'توفيق الحكيمي ', 3, '2024-01-18', 1, 0, '3', 16, NULL, NULL, 'الربيعي  ', '2024-01-31', '', 1, '2024-01-31', '2024-02-12', '0'),
(139, 5496, 4, 4, 179, '1074619', '', 'CUR9057476', '', NULL, NULL, NULL, NULL, NULL, NULL, 0, 1, 4, '2024-02-13', '2024-05-11', NULL, '2024-01-21', '2024-02-13', '2024-04-28', 'وضاح الحكيمي', 3, '2024-04-26', 0, 1, '3', 1, NULL, NULL, 'ثلاجة عدن         ', '2024-04-29', '', 1, '2024-05-09', '2024-05-11', '0'),
(140, 5497, 19, 19, 178, '109303', '', 'COP0265323', '', NULL, NULL, NULL, NULL, NULL, NULL, 0, 1, 4, '2024-04-25', '2024-05-11', NULL, '2024-01-25', '2024-01-25', '2024-04-29', 'وضاح الحكيمي', 3, '2024-04-26', 0, 2, '3', 1, NULL, NULL, 'ثلاجة عدن     ', '2024-04-29', '', 1, '2024-05-09', '2024-05-11', '0'),
(141, 6013, 5, 5, 110, 'PGGL/1034/2023-2024', '', 'لا يوجد', '', NULL, NULL, NULL, NULL, NULL, NULL, 0, 1, 9, '2024-01-27', '2024-02-05', NULL, '2024-01-27', '2024-01-27', '2024-01-27', 'مصلح', 3, '2024-01-27', 1, 0, '4', 6, NULL, NULL, 'حوش عدن  ', '2024-01-30', '', 1, '2024-02-05', NULL, '0'),
(142, 6014, 5, 5, 111, 'PGGL/1033/2023-2024', '', 'لا يوجد', '', NULL, NULL, NULL, NULL, NULL, NULL, 0, 1, 9, '2024-01-27', '2024-02-05', NULL, '2024-01-27', '2024-01-27', '2024-01-27', 'مصلح', 3, '2024-01-27', 1, 0, '4', 6, NULL, NULL, 'حوش عدن  ', '2024-01-31', '', 1, '2024-02-05', NULL, '0'),
(143, 6015, 5, 5, 112, 'PGGL/1036/2023-2024', '', 'لا يوجد', '', NULL, NULL, NULL, NULL, NULL, NULL, 0, 1, 9, '2024-01-27', '2024-02-05', NULL, '2024-01-27', '2024-01-27', '2024-01-27', 'مصلح', 3, '2024-01-27', 1, 0, '4', 6, NULL, NULL, 'حوش عدن  ', '2024-01-31', '', 1, '2024-02-05', NULL, '0'),
(144, 6016, 5, 5, 113, 'PGGL/1035/2023-2024', '', 'لا يوجد', '', NULL, NULL, NULL, NULL, NULL, NULL, 0, 1, 9, '2024-01-27', '2024-02-05', NULL, '2024-01-27', '2024-01-27', '2024-01-27', 'مصلح', 3, '2024-01-27', 1, 0, '4', 6, NULL, NULL, 'حوش عدن  ', '2024-01-31', '', 1, '2024-02-05', NULL, '0'),
(145, 5498, 4, 4, 170, '1083312', '', 'JBS209290', '', NULL, NULL, NULL, NULL, NULL, NULL, 0, 1, 4, '2024-03-07', '2024-04-20', NULL, '2024-01-29', '2024-03-07', '2024-04-01', 'وضاح الحكيمي', 3, '2024-04-01', 0, 1, '3', 5, NULL, NULL, 'ثلاجة عدن         ', '2024-04-03', '', 1, '2024-04-12', '2024-04-04', '0'),
(146, 6017, 5, 5, 114, 'PGGL/1038/2022-2023', '', 'لا يوجد', '', NULL, NULL, NULL, NULL, NULL, NULL, 0, 1, 9, '2024-01-30', '2024-02-08', NULL, '2024-01-30', '2024-01-30', '2024-01-30', 'مصلح', 3, '2024-01-30', 1, 0, '3', 6, NULL, NULL, 'حوش عدن  ', '2024-02-05', '', 1, '2024-02-08', NULL, '0'),
(147, 6018, 5, 5, 115, 'PGGL/1037/2022-2023', '', 'لا يوجد', '', NULL, NULL, NULL, NULL, NULL, NULL, 0, 1, 9, '2024-01-30', '2024-02-08', NULL, '2024-01-30', '2024-01-30', '2024-01-30', 'مصلح', 3, '2024-01-30', 1, 0, '3', 6, NULL, NULL, 'حوش عدن    ', '2024-02-05', '', 1, '2024-02-08', NULL, '0'),
(148, 6019, 5, 5, 116, 'PGGL/1039/2023-2024', '', 'لا يوجد', '', NULL, NULL, NULL, NULL, NULL, NULL, 0, 1, 9, '2024-01-30', '2024-02-08', NULL, '2024-01-30', '2024-01-30', '2024-01-30', 'مصلح', 3, '2024-01-30', 1, 0, '3', 6, NULL, NULL, 'حوش عدن  ', '2024-02-05', '', 1, '2024-02-08', NULL, '0'),
(149, 6020, 5, 5, 117, 'PGGL/1048/2023-2024', '', 'لا يوجد', '', NULL, NULL, NULL, NULL, NULL, NULL, 0, 1, 9, '2024-01-31', '2024-02-10', NULL, '2024-01-31', '2024-01-31', '2024-01-31', 'مصلح', 3, '2024-01-31', 1, 0, '3', 6, NULL, NULL, 'حوش عدن    ', '2024-02-05', '', 1, '2024-02-09', NULL, '0'),
(150, 5499, 4, 4, 170, '1085332', '', 'JBS210421', '', NULL, NULL, NULL, NULL, NULL, NULL, 0, 1, 4, '2024-03-20', '2024-04-20', NULL, '2024-02-05', '2024-03-20', '2024-04-01', 'وضاح الحكيمي', 3, '2024-04-01', 0, 1, '3', 5, NULL, NULL, 'ثلاجة عدن       ', '2024-04-03', '', 1, '2024-04-12', '2024-04-04', '0'),
(151, 5500, 4, 4, 170, '1085894', '', 'JBS210428', '', NULL, NULL, NULL, NULL, NULL, NULL, 0, 1, 4, '2024-03-20', '2024-04-20', NULL, '2024-02-05', '2024-03-20', '2024-04-01', 'وضاح الحكيمي', 3, '2024-04-01', 0, 1, '3', 5, NULL, NULL, 'ثلاجة عدن       ', '2024-04-03', '', 1, '2024-04-12', '2024-04-04', '0'),
(152, 20240, 1, 2, 1, 'COROIN0021306', '', '223038173', '', NULL, NULL, NULL, NULL, NULL, NULL, 0, 1, 1, '2023-01-04', '2024-02-05', NULL, '2023-01-04', '2023-01-04', '2023-01-04', 'توفيق الحكيمي ', 3, '2023-01-04', 1, 0, '3', 3, NULL, NULL, 'حوش عدن  ', '2023-01-07', '', NULL, '2023-01-13', '2023-01-10', '0'),
(153, 6021, 5, 5, 119, 'PGGL/1059/2023-2024', '', 'لا يوجد', '', NULL, NULL, NULL, NULL, NULL, NULL, 0, 1, 9, '2024-02-05', '2024-02-14', NULL, '2024-02-05', '2024-02-05', '2024-02-05', 'مصلح', 3, '2024-02-05', 1, 0, '4', 6, NULL, NULL, 'حوش عدن  ', '2024-02-10', '', 1, '2024-02-14', NULL, '0'),
(154, 6022, 5, 5, 120, 'PGGL/1060/2023-2024', '', 'لا يوجد', '', NULL, NULL, NULL, NULL, NULL, NULL, 0, 1, 9, '2024-02-05', '2024-02-14', NULL, '2024-02-05', '2024-02-05', '2024-02-05', 'مصلح', 3, '2024-02-05', 1, 0, '4', 6, NULL, NULL, 'حوش عدن  ', '2024-02-10', '', 1, '2024-02-14', NULL, '0'),
(155, 6023, 5, 5, 121, 'PGGL/1088/2023-2024', '', 'لا يوجد', '', NULL, NULL, NULL, NULL, NULL, NULL, 0, 1, 9, '2024-02-07', '2024-02-17', NULL, '2024-02-07', '2024-02-07', '2024-02-07', 'مصلح', 3, '2024-02-07', 1, 0, '4', 6, NULL, NULL, 'حوش عدن  ', '2024-02-12', '', 1, '2024-02-16', NULL, '0'),
(156, 6024, 5, 5, 122, 'PGGL/1089/2023-2024', '', 'لا يوجد', '', NULL, NULL, NULL, NULL, NULL, NULL, 0, 1, 9, '2024-02-07', '2024-02-17', NULL, '2024-02-07', '2024-02-07', '2024-02-07', 'مصلح', 3, '2024-02-07', 1, 0, '4', 6, NULL, NULL, 'حوش عدن  ', '2024-02-12', '', 1, '2024-02-16', NULL, '0'),
(157, 6025, 5, 5, 123, 'PGGL/1122/2023-2024', '', 'لا يوجد', '', NULL, NULL, NULL, NULL, NULL, NULL, 0, 1, 9, '2024-02-12', '2024-02-21', NULL, '2024-02-12', '2024-02-12', '2024-02-12', 'مصلح', 3, '2024-02-12', 1, 0, '4', 6, NULL, NULL, 'حوش عدن  ', '2024-02-17', '', 1, '2024-02-21', NULL, '0'),
(158, 6026, 5, 5, 124, 'PGGL/1123/2023-2024', '', 'لا يوجد', '', NULL, NULL, NULL, NULL, NULL, NULL, 0, 1, 9, '2024-02-12', '2024-02-21', NULL, '2024-02-12', '2024-02-12', '2024-02-12', 'مصلح', 3, '2024-02-12', 1, 0, '4', 6, NULL, NULL, 'حوش عدن  ', '2024-02-17', '', 1, '2024-02-21', NULL, '0'),
(159, 6027, 5, 5, 125, 'PGGL/1124/2023-2024', '', 'لا يوجد', '', NULL, NULL, NULL, NULL, NULL, NULL, 0, 1, 9, '2024-02-12', '2024-02-21', NULL, '2024-02-12', '2024-02-12', '2024-02-12', 'مصلح', 3, '2024-02-12', 1, 0, '4', 6, NULL, NULL, 'حوش عدن  ', '2024-02-17', '', 1, '2024-02-21', NULL, '0'),
(160, 6028, 5, 5, 126, 'PGGL/1126/2023-2024', '', 'لا يوجد', '', NULL, NULL, NULL, NULL, NULL, NULL, 0, 1, 9, '2024-02-12', '2024-02-21', NULL, '2024-02-12', '2024-02-12', '2024-02-12', 'مصلح', 3, '2024-02-12', 1, 0, '4', 6, NULL, NULL, 'حوش عدن  ', '2024-02-17', '', 1, '2024-02-21', NULL, '0'),
(161, 6029, 5, 5, 127, 'PGGL/1125/2023-2024', '', 'لا يوجد', '', NULL, NULL, NULL, NULL, NULL, NULL, 0, 1, 9, '2024-02-12', '2024-02-21', NULL, '2024-02-12', '2024-02-12', '2024-02-12', 'مصلح', 3, '2024-02-12', 1, 0, '4', 6, NULL, NULL, 'حوش عدن  ', '2024-02-17', '', 1, '2024-02-21', NULL, '0'),
(162, 6030, 5, 5, 129, 'PGGL/1127/2023-2024', '', 'لا يوجد', '', NULL, NULL, NULL, NULL, NULL, NULL, 0, 1, 9, '2024-02-13', '2024-02-24', NULL, '2024-02-13', '2024-02-13', '2024-02-13', 'مصلح', 3, '2024-02-13', 1, 0, '4', 6, NULL, NULL, 'حوش عدن  ', '2024-02-18', '', 1, '2024-02-22', NULL, '0'),
(163, 6031, 5, 5, 130, 'PGGL/1135/2023-2024', '', 'لا يوجد', '', NULL, NULL, NULL, NULL, NULL, NULL, 0, 1, 9, '2024-02-13', '2024-02-24', NULL, '2024-02-13', '2024-02-13', '2024-02-13', 'مصلح', 3, '2024-02-13', 1, 0, '2', 6, NULL, NULL, 'حوش عدن  ', '2024-02-18', '', 1, '2024-02-22', NULL, '0'),
(164, 6032, 5, 5, 131, 'PGGL/1136/2023-2024', '', 'لا يوجد', '', NULL, NULL, NULL, NULL, NULL, NULL, 0, 1, 9, '2024-02-14', '2024-02-24', NULL, '2024-02-14', '2024-02-14', '2024-02-14', 'مصلح', 3, '2024-02-14', 1, 0, '4', 6, NULL, NULL, 'حوش عدن  ', '2024-02-20', '', 1, '2024-02-23', NULL, '0'),
(165, 6033, 5, 5, 132, 'PGGL/1133/2023-2024', '', 'لا يوجد', '', NULL, NULL, NULL, NULL, NULL, NULL, 0, 1, 9, '2024-02-14', '2024-02-24', NULL, '2024-02-14', '2024-02-14', '2024-02-14', 'مصلح', 3, '2024-02-14', 1, 0, '4', 6, NULL, NULL, 'حوش عدن  ', '2024-02-20', '', 1, '2024-02-23', NULL, '0'),
(166, 6034, 5, 5, 134, 'PGGL/1134/2023-2024', '', 'لا يوجد', '', NULL, NULL, NULL, NULL, NULL, NULL, 0, 1, 9, '2024-02-15', '2024-02-24', NULL, '2024-02-15', '2024-02-15', '2024-02-15', 'مصلح', 3, '2024-02-15', 1, 0, '4', 6, NULL, NULL, 'حوش عدن  ', '2024-02-25', '', 1, '2024-02-24', NULL, '0'),
(167, 6035, 5, 5, 135, 'PGGL/1143/2023-2024', '', 'لا يوجد', '', NULL, NULL, NULL, NULL, NULL, NULL, 0, 1, 9, '2024-02-15', '2024-02-24', NULL, '2024-02-15', '2024-02-15', '2024-02-15', 'مصلح', 3, '2024-02-15', 1, 0, '4', 6, NULL, NULL, 'حوش عدن  ', '2024-02-25', '', 1, '2024-02-24', NULL, '0'),
(168, 5064, 35, 35, 136, 'XXXX', '', 'لا يوجد', '', NULL, NULL, NULL, NULL, NULL, NULL, 0, 1, 7, '2024-02-25', '2024-03-05', NULL, '2024-02-25', '2024-02-25', '2024-02-25', 'علي الشرفي', 3, '2024-02-25', 2, 0, '2', 6, NULL, NULL, 'الربيعي  ', '2024-02-29', '', 1, '2024-03-05', NULL, '0'),
(169, 5501, 4, 4, 176, '1098062', '', 'MEDUUO328550', '', NULL, NULL, NULL, NULL, NULL, NULL, 0, 1, 4, '2024-04-23', '2024-05-04', NULL, '2024-02-29', '2024-02-29', '2024-04-21', 'وضاح الحكيمي', 3, '2024-04-21', 0, 1, '3', 2, NULL, NULL, 'ثلاجة عدن    ', '2024-04-22', '', 1, '2024-05-02', '2024-05-04', '0'),
(170, 25028, 31, 31, 208, 'HE/174/2023-24', '', '02613622/0008034/24', '', NULL, NULL, NULL, NULL, NULL, NULL, 0, 2, 2, '2024-03-04', '2024-07-01', NULL, '2024-03-04', '2024-03-04', '2024-06-01', 'توفيق الحكيمي ', 3, '2024-06-14', 9, 0, '3', 16, NULL, NULL, 'الربيعي', '2024-06-30', '', 1, '2024-06-27', NULL, '0');
INSERT INTO `shipment` (`id`, `operationno`, `shippmintno`, `shipgroupno`, `datano`, `pillno`, `pakingno`, `pilno`, `orginalno`, `pillno2`, `pakingno2`, `pilno2`, `orginalno2`, `paperno`, `others`, `shipmtype`, `departmentno`, `sectionno`, `created_at`, `updated_at`, `delete_at`, `sendingdate`, `officedate`, `workerdate`, `workername`, `state`, `dategase`, `park20`, `park40`, `dectype`, `shippingno`, `contatty`, `value`, `relayname`, `relaydate`, `relaycases`, `alarm`, `endallowdate`, `returndate`, `stillday`) VALUES
(171, 31009, 46, 48, 146, '129206-129207', '', '635-07782213', '', NULL, NULL, NULL, NULL, NULL, NULL, 0, 1, 6, '2024-03-09', '2024-03-21', NULL, '2024-03-09', '2024-03-09', '2024-03-13', 'وضاح الحكيمي', 3, '2024-03-12', 1, 0, '2', 11, NULL, NULL, 'حوش عدن  ', '2024-03-13', '', 1, '2024-03-21', NULL, '0'),
(172, 6036, 5, 5, 139, 'PGGL/1215/2023-2024', '', 'لا يوجد', '', NULL, NULL, NULL, NULL, NULL, NULL, 0, 1, 9, '2024-03-06', '2024-03-16', NULL, '2024-03-06', '2024-03-06', '2024-03-06', 'مصلح', 3, '2024-03-06', 1, 0, '4', 6, NULL, NULL, 'حوش عدن  ', '2024-03-15', '', 1, '2024-03-15', NULL, '0'),
(173, 6037, 5, 5, 140, 'PGGL/1216/2023-2024', '', 'لا يوجد', '', NULL, NULL, NULL, NULL, NULL, NULL, 0, 1, 9, '2024-03-07', '2024-03-19', NULL, '2024-03-07', '2024-03-07', '2024-03-07', 'مصلح', 3, '2024-03-07', 1, 0, '4', 6, NULL, NULL, 'حوش عدن   ', '2024-03-15', '', 1, '2024-03-16', NULL, '0'),
(174, 6038, 5, 5, 141, 'PGGL/1214/2023-2024', '', 'لا يوجد', '', NULL, NULL, NULL, NULL, NULL, NULL, 0, 1, 9, '2024-03-08', '2024-03-17', NULL, '2024-03-08', '2024-03-08', '2024-03-08', 'مصلح', 3, '2024-03-08', 1, 0, '4', 6, NULL, NULL, 'حوش عدن  ', '2024-03-15', '', 1, '2024-03-17', NULL, '0'),
(175, 6039, 5, 5, 142, 'PGGL/1217/2022-2023', '', 'لا يوجد', '', NULL, NULL, NULL, NULL, NULL, NULL, 0, 1, 9, '2024-03-08', '2024-03-17', NULL, '2024-03-08', '2024-03-08', '2024-03-08', 'مصلح', 3, '2024-03-08', 1, 0, '4', 6, NULL, NULL, 'حوش عدن  ', '2024-03-15', '', 1, '2024-03-17', NULL, '0'),
(176, 6040, 5, 5, 143, 'PGGL/1218/2023-2024', '', 'لا يوجد', '', NULL, NULL, NULL, NULL, NULL, NULL, 0, 1, 9, '2024-03-11', '2024-03-20', NULL, '2024-03-11', '2024-03-11', '2024-03-11', 'مصلح', 3, '2024-03-11', 1, 0, '4', 6, NULL, NULL, 'حوش عدن  ', '2024-03-17', '', 1, '2024-03-20', NULL, '0'),
(177, 6041, 5, 5, 144, 'PGGL/1232/2023-2024', '', 'لا يوجد', '', NULL, NULL, NULL, NULL, NULL, NULL, 0, 1, 9, '2024-03-11', '2024-03-20', NULL, '2024-03-11', '2024-03-11', '2024-03-11', 'مصلح', 3, '2024-03-11', 1, 0, '4', 6, NULL, NULL, 'حوش عدن  ', '2024-03-17', '', 1, '2024-03-20', NULL, '0'),
(178, 6042, 5, 5, 145, 'PGGL/1231/2023-2024', '', 'لا يوجد', '', NULL, NULL, NULL, NULL, NULL, NULL, 0, 1, 9, '2024-03-11', '2024-03-20', NULL, '2024-03-11', '2024-03-11', '2024-03-11', 'مصلح', 3, '2024-03-11', 1, 0, '4', 6, NULL, NULL, 'حوش عدن  ', '2024-03-17', '', 1, '2024-03-20', NULL, '0'),
(179, 5502, 19, 19, 200, '109613', '', 'COP0267216', '', NULL, NULL, NULL, NULL, NULL, NULL, 0, 1, 4, '2024-05-27', '2024-06-27', NULL, '2024-03-14', '2024-05-27', '2024-06-09', 'وضاح الحكيمي', 3, '2024-06-09', 0, 2, '3', 1, NULL, NULL, 'ثلاجة عدن      ', '2024-06-11', '', 1, '2024-06-22', '2024-06-12', '0'),
(180, 5503, 4, 4, 201, '1097878', '', 'MEDURG832286', '', NULL, NULL, NULL, NULL, NULL, NULL, 0, 1, 4, '2024-05-27', '2024-07-04', NULL, '2024-03-16', '2024-05-27', '2024-06-23', 'وضاح الحكيمي', 3, '2024-06-23', 0, 1, '3', 2, NULL, NULL, 'ثلاجة عدن ', '2024-06-25', '', 1, '2024-07-04', '2024-06-29', '0'),
(181, 6043, 5, 5, 147, 'PGGL/1233/2023-2024', '', 'لا يوجد', '', NULL, NULL, NULL, NULL, NULL, NULL, 0, 1, 9, '2024-03-13', '2024-03-23', NULL, '2024-03-13', '2024-03-13', '2024-03-13', 'مصلح', 3, '2024-03-13', 1, 0, '4', 6, NULL, NULL, 'حوش عدن  ', '2024-03-20', '', 1, '2024-03-22', NULL, '0'),
(182, 6044, 5, 5, 148, 'PGGL/1234/2023-2024', '', 'لا يوجد', '', NULL, NULL, NULL, NULL, NULL, NULL, 0, 1, 9, '2024-03-15', '2024-03-24', NULL, '2024-03-15', '2024-03-15', '2024-03-15', 'مصلح', 3, '2024-03-15', 1, 0, '4', 6, NULL, NULL, 'حوش عدن  ', '2024-03-25', '', 1, '2024-03-24', NULL, '0'),
(183, 5065, 35, 35, 149, 'XXXX', '', 'لا يوجد', '', NULL, NULL, NULL, NULL, NULL, NULL, 0, 1, 7, '2024-03-17', '2024-03-26', NULL, '2024-03-17', '2024-03-17', '2024-03-17', 'علي الشرفي', 3, '2024-03-17', 1, 0, '4', 6, NULL, NULL, 'الربيعي  ', '2024-03-25', '', 1, '2024-03-26', NULL, '0'),
(184, 5066, 35, 35, 152, 'XXXX', '', 'لا يوجد', '', NULL, NULL, NULL, NULL, NULL, NULL, 0, 1, 7, '2024-03-19', '2024-03-30', NULL, '2024-03-19', '2024-03-19', '2024-03-19', 'علي الشرفي', 3, '2024-03-19', 1, 0, '2', 6, NULL, NULL, 'الربيعي  ', '2024-03-25', '', 1, '2024-03-28', NULL, '0'),
(185, 6045, 5, 5, 153, 'PGGL/1252/2023-2024', '', 'لا يوجد', '', NULL, NULL, NULL, NULL, NULL, NULL, 0, 1, 9, '2024-03-19', '2024-03-30', NULL, '2024-03-19', '2024-03-19', '2024-03-19', 'مصلح', 3, '2024-03-19', 1, 0, '4', 6, NULL, NULL, 'حوش عدن  ', '2024-03-25', '', 1, '2024-03-28', NULL, '0'),
(186, 6046, 5, 5, 154, 'PGGL/1235/2023-2024', '', 'لا يوجد', '', NULL, NULL, NULL, NULL, NULL, NULL, 0, 1, 9, '2024-03-19', '2024-03-30', NULL, '2024-03-19', '2024-03-19', '2024-03-19', 'مصلح', 3, '2024-03-19', 1, 0, '4', 6, NULL, NULL, 'حوش عدن  ', '2024-03-25', '', 1, '2024-03-28', NULL, '0'),
(187, 5504, 4, 4, 213, '1097883', '', 'MEDUUO384900', '', NULL, NULL, NULL, NULL, NULL, NULL, 0, 1, 4, '2024-05-27', '2024-07-29', NULL, '2024-03-23', '2024-05-27', '2024-07-18', 'وضاح الحكيمي', 3, '2024-07-18', 0, 1, '3', 2, NULL, NULL, 'ثلاجة عدن    ', '2024-07-21', '', 1, '2024-07-29', NULL, '0'),
(188, 6047, 5, 5, 155, 'PGGL/1251/2023-2024', '', 'لا يوجد', '', NULL, NULL, NULL, NULL, NULL, NULL, 0, 1, 9, '2024-03-22', '2024-03-31', NULL, '2024-03-22', '2024-03-30', '2024-03-22', 'مصلح', 3, '2024-03-22', 1, 0, '4', 6, NULL, NULL, 'حوش عدن   ', NULL, '', 1, '2024-03-31', NULL, '0'),
(189, 6048, 5, 5, 156, 'PGGL/1253/2023-2024', '', 'لا يوجد', '', NULL, NULL, NULL, NULL, NULL, NULL, 0, 1, 9, '2024-03-22', '2024-03-31', NULL, '2024-03-22', '2024-03-22', '2024-03-22', 'مصلح', 3, '2024-03-22', 1, 0, '4', 6, NULL, NULL, 'حوش عدن  ', '2024-03-30', '', 1, '2024-03-31', NULL, '0'),
(190, 6049, 5, 5, 157, 'PGGL/1254/2023-2024', '', 'لا يوجد', '', NULL, NULL, NULL, NULL, NULL, NULL, 0, 1, 9, '2024-03-22', '2024-03-31', NULL, '2024-03-22', '2024-03-22', '2024-03-22', 'مصلح', 3, '2024-03-22', 1, 0, '4', 6, NULL, NULL, 'حوش عدن  ', '2024-03-30', '', 1, '2024-03-31', NULL, '0'),
(191, 6050, 5, 5, 158, 'PGGL/1255/2023-2024', '', 'لا يوجد', '', NULL, NULL, NULL, NULL, NULL, NULL, 0, 1, 9, '2024-03-22', '2024-03-31', NULL, '2024-03-22', '2024-03-22', '2024-03-22', 'مصلح', 3, '2024-03-22', 1, 0, '4', 6, NULL, NULL, 'حوش عدن  ', '2024-03-30', '', 1, '2024-03-31', NULL, '0'),
(192, 6051, 9, 9, 159, 'MUCT-15352-2024', '', 'لا يوجد', '', NULL, NULL, NULL, NULL, NULL, NULL, 0, 1, 9, '2024-03-23', '2024-04-01', NULL, '2024-03-23', '2024-03-23', '2024-03-23', 'مصلح', 3, '2024-03-23', 1, 0, '4', 6, NULL, NULL, 'حوش عدن  ', '2024-03-30', '', 1, '2024-04-01', NULL, '0'),
(193, 6052, 9, 9, 160, 'MUCT-15353-2024', '', 'لا يوجد', '', NULL, NULL, NULL, NULL, NULL, NULL, 0, 1, 9, '2024-03-23', '2024-04-01', NULL, '2024-03-23', '2024-03-23', '2024-03-23', 'مصلح', 3, '2024-03-23', 1, 0, '4', 6, NULL, NULL, 'حوش عدن  ', '2024-03-30', '', 1, '2024-04-01', NULL, '0'),
(194, 6053, 9, 9, 161, 'MUCT-15350-2024', '', 'لا يوجد', '', NULL, NULL, NULL, NULL, NULL, NULL, 0, 1, 9, '2024-03-25', '2024-04-03', NULL, '2024-03-25', '2024-03-25', '2024-03-25', 'مصلح', 3, '2024-03-25', 1, 0, '4', 6, NULL, NULL, 'حوش عدن  ', '2024-03-31', '', 1, '2024-04-03', NULL, '0'),
(195, 6054, 9, 9, 162, 'MUCT-15342-2024', '', 'لا يوجد', '', NULL, NULL, NULL, NULL, NULL, NULL, 0, 1, 9, '2024-03-25', '2024-04-03', NULL, '2024-03-25', '2024-03-25', '2024-03-25', 'مصلح', 3, '2024-03-25', 1, 0, '4', 6, NULL, NULL, 'حوش عدن  ', '2024-03-31', '', 1, '2024-04-03', NULL, '0'),
(196, 6055, 9, 9, 163, 'MUCT-15351-2024', '', 'لا يوجد', '', NULL, NULL, NULL, NULL, NULL, NULL, 0, 1, 9, '2024-03-25', '2024-04-03', NULL, '2024-03-25', '2024-03-25', '2024-03-25', 'مصلح', 3, '2024-03-25', 1, 0, '4', 6, NULL, NULL, 'حوش عدن  ', '2024-03-31', '', 1, '2024-04-03', NULL, '0'),
(197, 6056, 5, 5, 164, 'PGGL/1273/2023-2024', '', 'لا يوجد', '', NULL, NULL, NULL, NULL, NULL, NULL, 0, 1, 9, '2024-03-26', '2024-04-04', NULL, '2024-03-26', '2024-03-26', '2024-03-26', 'مصلح', 3, '2024-03-26', 1, 0, '4', 6, NULL, NULL, 'حوش عدن  ', '2024-04-02', '', 1, '2024-04-04', NULL, '0'),
(198, 6057, 5, 5, 165, 'PGGL/1272/2023-2024', '', 'لا يوجد', '', NULL, NULL, NULL, NULL, NULL, NULL, 0, 1, 9, '2024-03-26', '2024-04-04', NULL, '2024-03-26', '2024-03-26', '2024-03-26', 'مصلح', 3, '2024-03-26', 1, 0, '4', 6, NULL, NULL, 'حوش عدن  ', '2024-04-02', '', 1, '2024-04-04', NULL, '0'),
(199, 6058, 5, 5, 166, 'PGGL/1274/2023-2024', '', 'لا يوجد', '', NULL, NULL, NULL, NULL, NULL, NULL, 0, 1, 9, '2024-03-27', '2024-04-20', NULL, '2024-03-27', '2024-03-27', '2024-03-27', 'مصلح', 3, '2024-03-27', 1, 0, '4', 6, NULL, NULL, 'حوش عدن  ', '2024-04-02', '', 1, '2024-04-05', NULL, '0'),
(200, 6059, 5, 5, 167, 'PGGL/1292/2022-2023', '', 'لا يوجد', '', NULL, NULL, NULL, NULL, NULL, NULL, 0, 1, 9, '2024-03-29', '2024-04-20', NULL, '2024-03-29', '2024-03-29', '2024-03-29', 'مصلح', 3, '2024-03-29', 1, 0, '4', 6, NULL, NULL, 'حوش عدن  ', '2024-04-05', '', 1, '2024-04-07', NULL, '0'),
(201, 80015, 44, 49, 175, 'EXP/23*24/069', '', '157224100715', '', NULL, NULL, NULL, NULL, NULL, NULL, 0, 1, 3, '2024-03-29', '2024-04-27', NULL, '2024-03-29', '2024-03-29', '2024-03-31', 'وضاح الحكيمي', 3, '2024-03-29', 0, 2, '3', 17, NULL, NULL, 'تعز المدينة ', '2024-04-03', '', 1, '2024-04-11', '2024-04-03', '0'),
(202, 6060, 5, 5, 168, 'PGGL/1293/2023-2024', '', 'لا يوجد', '', NULL, NULL, NULL, NULL, NULL, NULL, 0, 1, 9, '2024-03-30', '2024-04-20', NULL, '2024-03-30', '2024-03-30', '2024-03-30', 'مصلح', 3, '2024-03-30', 1, 0, '4', 6, NULL, NULL, 'حوش عدن  ', '2024-04-05', '', 1, '2024-04-08', NULL, '0'),
(203, 5505, 4, 4, 201, '1099076', '', 'MEDURG834605', '', NULL, NULL, NULL, NULL, NULL, NULL, 0, 1, 4, '2024-07-10', '2024-07-11', NULL, '2024-04-01', '2024-07-10', '2024-06-23', 'وضاح الحكيمي', 3, '2024-06-23', 0, 1, '3', 2, NULL, NULL, 'ثلاجة عدن  ', '2024-06-25', '', 1, '2024-07-04', '2024-06-29', '0'),
(204, 5066, 35, 35, 169, 'XXXX', '', 'لا يوجد', '', NULL, NULL, NULL, NULL, NULL, NULL, 0, 1, 7, '2024-03-30', '2024-04-20', NULL, '2024-03-30', '2024-03-30', '2024-03-30', 'علي الشرفي', 3, '2024-03-30', 1, 0, '4', 6, NULL, NULL, 'حوش عدن  ', '2024-04-05', '', 1, '2024-04-08', NULL, '0'),
(205, 10788, 20, 20, 174, 'UTL134/23-24', '', 'EMKMUNADE18054', '', NULL, NULL, NULL, NULL, NULL, NULL, 0, 1, 2, '2024-04-20', '2024-05-04', NULL, '2024-04-03', '2024-04-20', '2024-04-23', 'وضاح الحكيمي', 3, '2024-04-18', 10, 0, '3', 4, NULL, NULL, 'هنجر عدن     ', '2024-04-24', '', 1, '2024-05-01', '2024-05-04', '0'),
(206, 10789, 20, 20, 174, 'UTL133/23-24', '', 'EMKMUNADE18059', '', NULL, NULL, NULL, NULL, NULL, NULL, 0, 1, 2, '2024-04-20', '2024-05-04', NULL, '2024-04-03', '2024-04-20', '2024-04-23', 'وضاح الحكيمي', 3, '2024-04-18', 15, 0, '3', 4, NULL, NULL, 'هنجر عدن    ', '2024-04-24', '', 1, '2024-05-01', '2024-05-04', '0'),
(207, 10790, 20, 20, 180, 'UTL145/23-24', '', 'EMKMUNADE18126', '', NULL, NULL, NULL, NULL, NULL, NULL, 0, 1, 2, '2024-04-02', '2024-05-19', NULL, '2024-04-03', '2024-04-02', '2024-04-28', 'وضاح الحكيمي', 3, '2024-04-28', 15, 0, '3', 4, NULL, NULL, 'هنجر عدن   ', '2024-05-02', '', 1, '2024-05-11', '2024-05-15', '0'),
(208, 10791, 20, 20, 180, 'UTL143/23-24', '', 'EMKMUNADE18156', '', NULL, NULL, NULL, NULL, NULL, NULL, 0, 1, 2, '2024-04-02', '2024-05-19', NULL, '2024-04-03', '2024-04-03', '2024-04-28', 'وضاح الحكيمي', 3, '2024-04-28', 15, 0, '3', 4, NULL, NULL, 'هنجر عدن    ', '2024-05-02', '', 1, '2024-05-11', '2024-05-02', '0'),
(209, 5506, 4, 4, 213, '1107805', '', 'MEDUUO428038', '', NULL, NULL, NULL, NULL, NULL, NULL, 0, 1, 4, '2024-07-10', '2024-07-29', NULL, '2024-04-21', '2024-07-10', '2024-07-18', 'وضاح الحكيمي', 3, '2024-07-18', 0, 1, '3', 2, NULL, NULL, 'ثلاجة عدن    ', '2024-07-21', '', 1, '2024-07-29', NULL, '0'),
(210, 5507, 4, 4, 220, '1110108', '', 'MEDURG848670', '', NULL, NULL, NULL, NULL, NULL, NULL, 0, 1, 4, '2024-07-29', '2024-08-13', NULL, '2024-04-21', '2024-07-29', '2024-08-04', 'وضاح الحكيمي', 3, '2024-08-02', 0, 1, '3', 2, NULL, NULL, 'ثلاجة عدن        ', '2024-08-05', '', 1, '2024-08-13', NULL, '0'),
(211, 5508, 4, 4, 266, '1112556', '', 'MEDUP1818517', '', NULL, NULL, NULL, NULL, NULL, NULL, 0, 1, 4, '2024-08-06', '2024-09-21', NULL, '2024-04-21', '2024-08-06', '2024-09-08', 'وضاح الحكيمي', 3, '2024-09-08', 0, 1, '3', 2, NULL, NULL, 'ثلاجة عدن      ', '2024-09-10', '', 1, '2024-09-19', '2024-09-15', '0'),
(212, 5509, 4, 4, 220, '1112880', '', 'MEDURG853027', '', NULL, NULL, NULL, NULL, NULL, NULL, 0, 1, 4, '2024-07-27', '2024-08-13', NULL, '2024-04-21', '2024-07-27', '2024-08-04', 'وضاح الحكيمي', 3, '2024-08-02', 0, 1, '3', 2, NULL, NULL, 'ثلاجة عدن       ', '2024-08-05', '', 1, '2024-08-13', NULL, '0'),
(213, 25029, 31, 31, NULL, 'HE/175/2023-24', '', '02613622/0008040/24', '', NULL, NULL, NULL, NULL, NULL, NULL, 0, 2, 2, '2024-04-22', '2024-12-03', NULL, '2024-04-22', '2024-04-22', NULL, '', 2, '2024-12-31', 9, 0, '3', 16, NULL, NULL, 'لم تصل الشحنة          ', NULL, '', 1, '2025-01-13', NULL, '41'),
(214, 25030, 23, 22, 206, '320', '', 'OSLAQJHOD2593424', '', NULL, NULL, NULL, NULL, NULL, NULL, 0, 2, 2, '2024-05-16', '2024-07-01', NULL, '2024-04-22', '2024-05-16', '2024-06-01', 'توفيق الحكيمي ', 3, '2024-06-14', 10, 0, '3', 4, NULL, NULL, 'الربيعي     ', '2024-06-27', '', 1, '2024-06-27', NULL, '0'),
(215, 30005, 47, 50, 197, 'XXX', '', 'MEDURD514838', '', NULL, NULL, NULL, NULL, NULL, NULL, 0, 1, 8, '2024-04-27', '2024-06-11', NULL, '2024-04-27', '2024-04-27', '2024-06-01', 'وضاح الحكيمي', 3, '2024-05-31', 0, 1, '2', 2, NULL, NULL, 'الحصب  ', '2024-06-04', '', 1, '2024-06-11', '2024-06-08', '0'),
(216, 25031, 48, 51, 214, 'SO405000887', '', 'ANT1751639', '', NULL, NULL, NULL, NULL, NULL, NULL, 0, 2, 2, '2024-05-16', '2024-08-06', NULL, '2024-04-27', '2024-05-16', '2024-07-24', 'توفيق الحكيمي ', 3, '2024-07-24', 1, 0, '4', 1, NULL, NULL, 'الربيعي      ', '2024-07-28', '', 1, '2024-08-06', NULL, '0'),
(217, 10792, 49, 52, 202, '17-24/TR', '', 'HLCUDM2240307468', '', NULL, NULL, NULL, NULL, NULL, NULL, 0, 1, 2, '2024-05-07', '2024-06-27', NULL, '2024-05-07', '2024-05-07', '2024-06-11', 'وضاح الحكيمي', 3, '2024-06-13', 0, 5, '2', 7, NULL, NULL, 'حوش عدن    ', '2024-06-24', '', 1, '2024-06-26', '2024-06-29', '0'),
(218, 5510, 4, 4, 266, '1118105', '', 'MEDURG863612', '', NULL, NULL, NULL, NULL, NULL, NULL, 0, 1, 4, '2024-08-25', '2024-09-21', NULL, '2024-05-14', '2024-08-25', '2024-09-08', 'وضاح الحكيمي', 3, '2024-09-08', 0, 1, '3', 2, NULL, NULL, 'ثلاجة عدن      ', '2024-09-10', '', 1, '2024-09-19', '2024-09-15', '0'),
(219, 5511, 4, 4, 217, '1119235', '', 'SSZ1458103B', '', NULL, NULL, NULL, NULL, NULL, NULL, 0, 1, 4, '2024-07-10', '2024-08-12', NULL, '2024-05-14', '2024-07-10', '2024-08-01', 'وضاح الحكيمي', 3, '2024-07-30', 0, 1, '3', 1, NULL, NULL, 'ثلاجة عدن       ', '2024-08-03', '', 1, '2024-08-12', '2024-08-06', '0'),
(220, 5512, 4, 4, 217, '1119561', '', 'SSZ1458103D', '', NULL, NULL, NULL, NULL, NULL, NULL, 0, 1, 4, '2024-07-10', '2024-08-12', NULL, '2024-05-14', '2024-07-10', '2024-08-01', 'وضاح الحكيمي', 3, '2024-07-30', 0, 1, '3', 1, NULL, NULL, 'ثلاجة عدن       ', '2024-08-03', '', 1, '2024-08-12', '2024-08-06', '0'),
(221, 5513, 4, 4, 266, '1121574', '', 'MEDUE8252573', '', NULL, NULL, NULL, NULL, NULL, NULL, 0, 1, 4, '2024-08-25', '2024-09-21', NULL, '2024-05-14', '2024-08-25', '2024-09-08', 'وضاح الحكيمي', 3, '2024-09-08', 0, 1, '3', 2, NULL, NULL, 'ثلاجة عدن     ', '2024-09-10', '', 1, '2024-09-19', '2024-09-15', '0'),
(222, 25032, 23, 22, 183, '352', '', 'SLGSJO0012', '', NULL, NULL, NULL, NULL, NULL, NULL, 0, 2, 2, '2024-05-16', '2024-05-30', NULL, '2024-05-16', '2024-05-16', '2024-05-16', 'توفيق الحكيمي ', 3, '2024-05-17', 11, 0, '3', 4, NULL, NULL, 'الربيعي', '2024-05-23', '', 1, '2024-05-30', NULL, '0'),
(223, 31010, 50, 53, 181, '2410907407', '', '635-07785573', '', NULL, NULL, NULL, NULL, NULL, NULL, 0, 1, 6, '2024-05-18', '2024-05-25', NULL, '2024-05-18', '2024-05-18', '2024-05-18', 'وضاح الحكيمي', 3, '2024-05-13', 1, 0, '2', 11, NULL, NULL, 'حوش عدن   ', '2024-05-20', '', 1, '2024-05-22', '2024-05-23', '0'),
(224, 5067, 51, 54, 182, 'GPS-245-24/GPS-244-24', '', 'لا يوجد', '', NULL, NULL, NULL, NULL, NULL, NULL, 0, 1, 7, '2024-05-19', '2024-05-28', NULL, '2024-05-19', '2024-05-19', '2024-05-19', 'علي الشرفي', 3, '2024-05-19', 2, 0, '2', 6, NULL, NULL, 'حوش عدن  ', '2024-05-23', '', 1, '2024-05-28', NULL, '0'),
(225, 25033, 27, 55, 207, '6038450347', '', 'GLLEG0009908', '', NULL, NULL, NULL, NULL, NULL, NULL, 0, 2, 2, '2024-05-20', '2024-07-01', NULL, '2024-05-20', '2024-05-20', '2024-06-22', 'توفيق الحكيمي ', 3, '2024-06-14', 10, 0, '3', 18, NULL, NULL, 'الربيعي ', '2024-06-27', '', 1, '2024-06-27', NULL, '0'),
(226, 6061, 5, 5, 184, 'PGGL/0153/2024-2025', '', 'لا يوجد', '', NULL, NULL, NULL, NULL, NULL, NULL, 0, 1, 9, '2024-05-28', '2024-06-06', NULL, '2024-05-28', '2024-05-28', '2024-05-28', 'علي الشرفي', 3, '2024-05-28', 1, 0, '4', 6, NULL, NULL, 'حوش عدن  ', '2024-06-03', '', 1, '2024-06-06', NULL, '0'),
(227, 6062, 5, 5, 185, 'PGGL/0168/2024-2025', '', 'لا يوجد', '', NULL, NULL, NULL, NULL, NULL, NULL, 0, 1, 9, '2024-05-28', '2024-06-06', NULL, '2024-05-28', '2024-05-28', '2024-05-28', 'علي الشرفي', 3, '2024-05-28', 1, 0, '4', 6, NULL, NULL, 'حوش عدن  ', '2024-06-03', '', 1, '2024-06-06', NULL, '0'),
(228, 6063, 5, 5, 186, 'PGGL/0154/2024-2025', '', 'لا يوجد', '', NULL, NULL, NULL, NULL, NULL, NULL, 0, 1, 9, '2024-05-28', '2024-06-06', NULL, '2024-05-28', '2024-05-28', '2024-05-28', 'علي الشرفي', 3, '2024-05-28', 1, 0, '4', 6, NULL, NULL, 'حوش عدن  ', '2024-06-03', '', 1, '2024-06-06', NULL, '0'),
(229, 6064, 5, 5, 187, 'PGGL/0155/2024-2025', '', 'لا يوجد', '', NULL, NULL, NULL, NULL, NULL, NULL, 0, 1, 9, '2024-05-28', '2024-06-06', NULL, '2024-05-28', '2024-05-28', '2024-05-28', 'علي الشرفي', 3, '2024-05-28', 1, 0, '4', 6, NULL, NULL, 'حوش عدن  ', '2024-06-03', '', 1, '2024-06-06', NULL, '0'),
(230, 6065, 5, 5, 188, 'PGGL/0152/2024-2025', '', 'لا يوجد', '', NULL, NULL, NULL, NULL, NULL, NULL, 0, 1, 9, '2024-05-28', '2024-06-06', NULL, '2024-05-28', '2024-05-28', '2024-05-28', 'علي الشرفي', 3, '2024-05-28', 1, 0, '4', 6, NULL, NULL, 'حوش عدن  ', '2024-06-03', '', 1, '2024-06-06', NULL, '0'),
(231, 6066, 5, 5, 189, 'PGGL/0169/2024-2025', '', 'لا يوجد', '', NULL, NULL, NULL, NULL, NULL, NULL, 0, 1, 9, '2024-05-30', '2024-06-08', NULL, '2024-05-30', '2024-05-30', '2024-05-30', 'مصلح', 3, '2024-05-30', 1, 0, '4', 6, NULL, NULL, 'حوش عدن  ', '2024-06-06', '', 1, '2024-06-08', NULL, '0'),
(232, 6067, 5, 5, 190, 'PGGL/0183/2024-2025', '', 'لا يوجد', '', NULL, NULL, NULL, NULL, NULL, NULL, 0, 1, 9, '2024-05-31', '2024-06-09', NULL, '2024-05-31', '2024-05-31', '2024-05-31', 'مصلح', 3, '2024-05-31', 1, 0, '4', 6, NULL, NULL, 'حوش عدن  ', '2024-06-06', '', 1, '2024-06-09', NULL, '0'),
(233, 6068, 5, 5, 191, 'PGGL/0187/2024-2025', '', 'لا يوجد', '', NULL, NULL, NULL, NULL, NULL, NULL, 0, 1, 9, '2024-06-01', '2024-06-10', NULL, '2024-06-01', '2024-06-01', '2024-06-01', 'مصلح', 3, '2024-06-01', 1, 0, '4', 6, NULL, NULL, 'حوش عدن  ', '2024-06-06', '', 1, '2024-06-10', NULL, '0'),
(234, 6069, 5, 5, 192, 'PGGL/0186/2024-2025', '', 'لا يوجد', '', NULL, NULL, NULL, NULL, NULL, NULL, 0, 1, 9, '2024-06-01', '2024-06-10', NULL, '2024-06-01', '2024-06-01', '2024-06-01', 'مصلح', 3, '2024-06-01', 1, 0, '4', 6, NULL, NULL, 'حوش عدن  ', '2024-06-06', '', 1, '2024-06-10', NULL, '0'),
(235, 25034, 52, 56, 211, '756/24', '', 'VCLSOKHOD3571224', '', NULL, NULL, NULL, NULL, NULL, NULL, 0, 2, 2, '2024-06-03', '2024-07-15', NULL, '2024-06-03', '2024-06-03', '2024-07-01', 'توفيق الحكيمي ', 3, '2024-07-02', 10, 0, '3', 14, NULL, NULL, 'الربيعي  ', '2024-07-04', '', 1, '2024-07-15', '2024-07-16', '0'),
(236, 6070, 5, 5, 193, 'PGGL/0199/2024-2025', '', 'لا يوجد', '', NULL, NULL, NULL, NULL, NULL, NULL, 0, 1, 9, '2024-06-04', '2024-06-24', NULL, '2024-06-04', '2024-06-04', '2024-06-04', 'مصلح', 3, '2024-06-04', 1, 0, '4', 6, NULL, NULL, 'حوش عدن  ', '2024-06-10', '', 1, '2024-06-13', NULL, '0'),
(237, 6071, 5, 5, 194, 'PGGL/0192/2024-2025', '', 'لا يوجد', '', NULL, NULL, NULL, NULL, NULL, NULL, 0, 1, 9, '2024-06-04', '2024-06-24', NULL, '2024-06-04', '2024-06-04', '2024-06-04', 'مصلح', 3, '2024-06-04', 1, 0, '4', 6, NULL, NULL, 'حوش عدن  ', '2024-06-10', '', 1, '2024-06-13', NULL, '0'),
(238, 6072, 5, 5, 195, 'PGGL/0198/2024-2025', '', 'لا يوجد', '', NULL, NULL, NULL, NULL, NULL, NULL, 0, 1, 9, '2024-06-04', '2024-06-24', NULL, '2024-06-04', '2024-06-04', '2024-06-04', 'مصلح', 3, '2024-06-04', 1, 0, '4', 6, NULL, NULL, 'حوش عدن  ', '2024-06-10', '', 1, '2024-06-13', NULL, '0'),
(239, 5514, 4, 4, 244, '1131507', '', 'SSZ1472125C', '', NULL, NULL, NULL, NULL, NULL, NULL, 0, 1, 4, '2024-08-06', '2024-09-14', NULL, '2024-06-08', '2024-08-06', '2024-08-25', 'وضاح الحكيمي', 3, '2024-08-31', 0, 1, '3', 1, NULL, NULL, 'ثلاجة عدن   ', '2024-08-26', '', 1, '2024-09-13', '2024-08-28', '0'),
(240, 6073, 5, 5, 196, '5PGGL/0210/2024-2024', '', 'لا يوجد', '', NULL, NULL, NULL, NULL, NULL, NULL, 0, 1, 9, '2024-06-08', '2024-06-24', NULL, '2024-06-08', '2024-06-08', '2024-06-08', 'مصلح', 3, '2024-06-08', 1, 0, '4', 6, NULL, NULL, 'حوش عدن  ', '2024-06-13', '', 1, '2024-06-17', NULL, '0'),
(241, 6074, 5, 5, 198, 'PGGL/0212/2024-2025', '', 'لا يوجد', '', NULL, NULL, NULL, NULL, NULL, NULL, 0, 1, 9, '2024-06-09', '2024-06-24', NULL, '2024-06-09', '2024-06-09', '2024-06-09', 'مصلح', 3, '2024-06-09', 1, 0, '4', 6, NULL, NULL, 'حوش عدن  ', '2024-06-13', '', 1, '2024-06-18', NULL, '0'),
(242, 6075, 5, 5, 199, 'PGGL/0224/2024-2025', '', 'لا يوجد', '', NULL, NULL, NULL, NULL, NULL, NULL, 0, 1, 9, '2024-06-09', '2024-06-24', NULL, '2024-06-09', '2024-06-09', '2024-06-09', 'مصلح', 3, '2024-06-09', 1, 0, '4', 6, NULL, NULL, 'حوش عدن  ', '2024-06-13', '', 1, '2024-06-18', NULL, '0'),
(243, 6076, 5, 5, 203, 'PGGL/0225/2024-2025', '', 'لا يوجد', '', NULL, NULL, NULL, NULL, NULL, NULL, 0, 1, 9, '2024-06-11', '2024-06-30', NULL, '2024-06-11', '2024-06-11', '2024-06-11', 'علي الشرفي', 3, '2024-06-11', 1, 0, '4', 6, NULL, NULL, 'حوش عدن  ', '2024-06-14', '', NULL, '2024-06-20', NULL, '0'),
(244, 6077, 5, 5, 204, 'PGGL/0264/2024-202', '', 'لا يوجد', '', NULL, NULL, NULL, NULL, NULL, NULL, 0, 1, 9, '2024-06-29', '2024-07-08', NULL, '2024-06-29', '2024-06-29', '2024-06-29', 'علي الشرفي', 3, '2024-06-29', 1, 0, '4', 6, NULL, NULL, 'حوش عدن  ', '2024-07-04', '', 1, '2024-07-08', NULL, '0'),
(245, 6078, 5, 5, 205, 'PGGL/0226/2024-202', '', 'لا يوجد', '', NULL, NULL, NULL, NULL, NULL, NULL, 0, 1, 9, '2024-06-29', '2024-07-08', NULL, '2024-06-29', '2024-06-29', '2024-06-29', 'علي الشرفي', 3, '2024-06-29', 1, 0, '4', 6, NULL, NULL, 'حوش عدن  ', '2024-07-04', '', 1, '2024-07-08', NULL, '0'),
(246, 5515, 19, 19, 218, '110110', '', 'COP0269689', '', NULL, NULL, NULL, NULL, NULL, NULL, 0, 1, 4, '2024-07-08', '2024-08-12', NULL, '2024-07-08', '2024-07-08', '2024-08-01', 'وضاح الحكيمي', 3, '2024-07-30', 0, 2, '3', 1, NULL, NULL, 'ثلاجة عدن    ', '2024-08-03', '', 1, '2024-08-12', '2024-08-06', '0'),
(247, 5068, 35, 35, 209, '2412066', '', 'لا يوجد', '', NULL, NULL, NULL, NULL, NULL, NULL, 0, 1, 7, '2024-07-04', '2024-07-13', NULL, '2024-07-04', '2024-07-04', '2024-07-04', 'علي الشرفي', 3, '2024-07-04', 1, 0, '4', 6, NULL, NULL, 'الربيعي    ', '2024-07-10', '', 1, '2024-07-13', NULL, '0'),
(248, 5069, 35, 35, 210, '2412068', '', 'لا يوجد', '', NULL, NULL, NULL, NULL, NULL, NULL, 0, 1, 7, '2024-07-06', '2024-07-15', NULL, '2024-07-06', '2024-07-06', '2024-07-06', 'علي الشرفي', 3, '2024-07-06', 1, 0, '4', 6, NULL, NULL, 'الربيعي  ', '2024-07-10', '', 1, '2024-07-15', NULL, '0'),
(249, 25035, 15, 15, 255, '110479007', '', 'LITJEDHOD2400121', '', NULL, NULL, NULL, NULL, NULL, NULL, 0, 2, 2, '2024-08-01', '2024-09-14', NULL, '2024-07-13', '2024-08-01', '2024-08-01', 'توفيق الحكيمي ', 3, '2024-08-28', 5, 0, '3', 14, NULL, NULL, 'الربيعي      ', '2024-09-05', '', 1, '2024-09-10', NULL, '0'),
(250, 10793, 20, 20, 216, 'UTL146/23-24', '', 'EMKMUNADE18440', '', NULL, NULL, NULL, NULL, NULL, NULL, 0, 1, 2, '2024-07-02', '2024-08-05', NULL, '2024-07-02', '2024-07-02', '2024-07-21', 'وضاح الحكيمي', 3, '2024-07-18', 10, 0, '2', 4, NULL, NULL, 'حوش عدن  ', '2024-07-24', '', 1, '2024-07-31', '2024-08-05', '0'),
(251, 10794, 20, 20, 216, 'UTL147/23-24', '', 'EMKMUNADE18441', '', NULL, NULL, NULL, NULL, NULL, NULL, 0, 1, 2, '2024-07-02', '2024-08-05', NULL, '2024-07-02', '2024-07-02', '2024-07-21', 'وضاح الحكيمي', 3, '2024-07-18', 10, 0, '2', 4, NULL, NULL, 'حوش عدن  ', '2024-07-24', '', 1, '2024-07-31', '2024-08-05', '0'),
(252, 5070, 35, 35, 212, 'XXXX', '', 'لا يوجد', '', NULL, NULL, NULL, NULL, NULL, NULL, 0, 1, 7, '2024-07-18', '2024-07-27', NULL, '2024-07-18', '2024-07-18', '2024-07-18', 'علي الشرفي', 3, '2024-07-18', 2, 0, '4', 6, NULL, NULL, 'الربيعي  ', '2024-07-25', '', 1, '2024-07-27', NULL, '0'),
(253, 25036, 55, 59, 234, 'PCC24060401', '', 'CHN1234697', '', NULL, NULL, NULL, NULL, NULL, NULL, 0, 2, 2, '2024-08-13', '2024-08-26', NULL, '2024-07-21', '2024-07-21', '2024-08-13', 'توفيق الحكيمي ', 3, '2024-08-13', 2, 0, '3', 1, NULL, NULL, 'الربيعي ', '2024-08-18', '', 1, '2024-08-26', NULL, '0'),
(254, 25037, 55, 59, 293, 'PCC24062601', '', 'VOLB58SHAHOD2402193', '', NULL, NULL, NULL, NULL, NULL, NULL, 0, 2, 2, '2024-08-01', '2024-12-03', NULL, '2024-07-21', '2024-08-01', '2024-11-13', 'توفيق الحكيمي ', 3, '2024-11-13', 3, 0, '3', 14, NULL, NULL, 'الربيعي    ', '2024-11-21', '', 1, '2024-11-26', '2024-12-02', '0'),
(255, 25038, 18, 18, 233, 'UCM/ALTAKAMOL/04/2024', '', 'GLNAQJHOD0624017', '', NULL, NULL, NULL, NULL, NULL, NULL, 0, 2, 2, '2024-08-13', '2024-08-28', NULL, '2024-07-21', '2024-07-21', '2024-08-09', 'توفيق الحكيمي ', 3, '2024-08-09', 3, 0, '3', 18, NULL, NULL, 'الربيعي  ', '2024-08-14', '', 1, '2024-08-22', '2024-08-28', '0'),
(256, 25039, 53, 57, 269, 'PCC24061802', '', 'SHZ6392986', '', NULL, NULL, NULL, NULL, NULL, NULL, 0, 2, 2, '2024-08-01', '2024-10-17', NULL, '2024-07-21', '2024-08-01', '2024-09-20', 'توفيق الحكيمي ', 3, '2024-09-21', 1, 0, '3', 1, NULL, NULL, 'الربيعي   ', '2024-09-24', '', 1, '2024-10-04', '2024-10-17', '0'),
(257, 25040, 25, 25, 272, 'PCC24061803', '', 'TJN0415272', '', NULL, NULL, NULL, NULL, NULL, NULL, 0, 2, 2, '2024-08-01', '2024-10-17', NULL, '2024-07-21', '2024-08-01', '2024-09-01', 'توفيق الحكيمي ', 3, '2024-09-25', 3, 0, '3', 1, NULL, NULL, 'الربيعي       ', '2024-10-01', '', 1, '2024-10-08', '2024-10-17', '0'),
(258, 25041, 54, 58, 271, 'PCC24061801', '', 'TJN0415204', '', NULL, NULL, NULL, NULL, NULL, NULL, 0, 2, 2, '2024-08-01', '2024-10-17', NULL, '2024-07-22', '2024-08-01', '2024-09-01', 'توفيق الحكيمي ', 3, '2024-09-25', 2, 0, '3', 1, NULL, NULL, 'الربيعي     ', '2024-10-01', '', 1, '2024-10-08', '2024-10-17', '0'),
(259, 25042, 31, 31, 215, 'UCM/ALTAKAMOL/08/2024', '', 'OSLMUNHOD2830224', '', NULL, NULL, NULL, NULL, NULL, NULL, 0, 2, 2, '2024-07-24', '2024-08-06', NULL, '2024-07-24', '2024-07-24', '2024-07-25', 'توفيق الحكيمي ', 3, '2024-07-24', 10, 0, '2', 4, NULL, NULL, 'الربيعي  ', '2024-07-28', '', 1, '2024-08-06', NULL, '0'),
(260, 25043, 31, 31, 215, 'UCM/ALTAKAMOL/08/2024', '', 'OSLMUNHOD2853924', '', NULL, NULL, NULL, NULL, NULL, NULL, 0, 2, 2, '2024-07-24', '2024-08-06', NULL, '2024-07-24', '2024-07-24', '2024-07-25', 'توفيق الحكيمي ', 3, '2024-07-24', 10, 0, '2', 4, NULL, NULL, 'الربيعي  ', '2024-07-28', '', 1, '2024-08-06', NULL, '0'),
(261, 25044, 52, 56, 254, '1240/24', '', 'OSLSOKHOD3037124', '', NULL, NULL, NULL, NULL, NULL, NULL, 0, 2, 2, '2024-08-01', '2024-09-14', NULL, '2024-07-29', '2024-08-01', '2024-08-01', 'توفيق الحكيمي ', 3, '2024-08-28', 10, 0, '3', 4, NULL, NULL, 'الربيعي  ', '2024-08-26', '', 1, '2024-09-10', NULL, '0'),
(262, 90021, 11, 11, 219, 'SO-472', '', 'HOD0121465', '', NULL, NULL, NULL, NULL, NULL, NULL, 0, 1, 5, '2024-07-25', '2024-08-13', NULL, '2024-07-25', '2024-07-25', '2024-07-25', 'وضاح الحكيمي', 3, '2024-07-31', 1, 0, '3', 1, NULL, NULL, 'OSLO ', '2024-09-23', '', 1, '2024-08-13', '2024-08-05', '0'),
(263, 5516, 4, 4, 220, '1115614', '', 'MEDURG857606', '', NULL, NULL, NULL, NULL, NULL, NULL, 0, 1, 4, '2024-07-29', '2024-08-13', NULL, '2024-07-29', '2024-07-29', '2024-08-04', 'وضاح الحكيمي', 3, '2024-08-02', 0, 1, '3', 2, NULL, NULL, 'ثلاجة عدن    ', '2024-08-05', '', 1, '2024-08-13', NULL, '0'),
(264, 5517, 4, 4, 244, '1135811', '', 'SSZ1475681C', '', NULL, NULL, NULL, NULL, NULL, NULL, 0, 1, 4, '2024-08-25', '2024-10-13', NULL, '2024-08-06', '2024-08-25', '2024-08-25', 'وضاح الحكيمي', 3, '2024-09-30', 0, 1, '3', 1, NULL, NULL, 'ثلاجة عدن  ', '2024-08-26', '', 1, '2024-10-13', '2024-08-28', '0'),
(265, 6079, 5, 5, 221, 'PGGL/0401/2024-2025', '', 'لا يوجد', '', NULL, NULL, NULL, NULL, NULL, NULL, 0, 1, 9, '2024-08-10', '2024-08-19', NULL, '2024-08-10', '2024-08-10', '2024-08-10', 'مصلح', 3, '2024-08-10', 1, 0, '4', 6, NULL, NULL, 'حوش عدن  ', '2024-08-17', '', 1, '2024-08-19', NULL, '0'),
(266, 6080, 5, 5, 222, 'PGGL/0400/2024-2025', '', 'لا يوجد', '', NULL, NULL, NULL, NULL, NULL, NULL, 0, 1, 9, '2024-08-10', '2024-08-19', NULL, '2024-08-10', '2024-08-10', '2024-08-10', 'مصلح', 3, '2024-08-10', 1, 0, '4', 6, NULL, NULL, 'حوش عدن  ', '2024-08-17', '', 1, '2024-08-19', NULL, '0'),
(267, 6081, 5, 5, 223, 'PGGL/0403/2024-2025', '', 'لا يوجد', '', NULL, NULL, NULL, NULL, NULL, NULL, 0, 1, 9, '2024-08-10', '2024-08-19', NULL, '2024-08-10', '2024-08-10', '2024-08-10', 'مصلح', 3, '2024-08-10', 1, 0, '4', 6, NULL, NULL, 'حوش عدن  ', '2024-08-17', '', 1, '2024-08-19', NULL, '0'),
(268, 6082, 5, 5, 72, 'PGGL/0404/2024-2025', '', 'لا يوجد', '', NULL, NULL, NULL, NULL, NULL, NULL, 0, 1, 9, '2024-08-10', '2024-08-19', NULL, '2024-08-10', '2024-08-10', '2024-08-10', 'مصلح', 3, '2024-08-10', 1, 0, '4', 6, NULL, NULL, 'حوش عدن  ', '2024-08-17', '', 1, '2024-08-19', NULL, '0'),
(269, 10795, 23, 27, 243, '814', '', 'SLGSJO0103', '', NULL, NULL, NULL, NULL, NULL, NULL, 0, 1, 2, '2024-08-13', '2024-09-03', NULL, '2024-08-13', '2024-08-14', '2024-08-14', 'وضاح الحكيمي', 3, '2024-08-14', 21, 0, '2', 20, NULL, NULL, 'هنجر عدن    ', '2024-08-17', '', 1, '2024-09-03', '2024-08-25', '0'),
(270, 31011, 42, 7, 232, '901110233', '', '635-07789935', '', NULL, NULL, NULL, NULL, NULL, NULL, 0, 1, 6, '2024-08-14', '2024-08-24', NULL, '2024-08-14', '2024-08-14', '2024-08-14', 'وضاح الحكيمي', 3, '2024-08-14', 1, 0, '2', 11, NULL, NULL, 'حوش عدن  ', '2024-08-15', '', 1, '2024-08-23', '2024-08-18', '0'),
(271, 6083, 5, 5, 227, 'PGGL/0405/2024-2025', '', 'لا يوجد', '', NULL, NULL, NULL, NULL, NULL, NULL, 0, 1, 9, '2024-08-11', '2024-08-20', NULL, '2024-08-11', '2024-08-11', '2024-08-11', 'مصلح', 3, '2024-08-11', 1, 0, '4', 6, NULL, NULL, 'حوش عدن    ', '2024-08-17', '', 1, '2024-08-20', NULL, '0'),
(272, 6084, 5, 5, 224, 'PGGL/0408/2024-2025', '', 'لا يوجد', '', NULL, NULL, NULL, NULL, NULL, NULL, 0, 1, 9, '2024-08-13', '2024-08-22', NULL, '2024-08-13', '2024-08-13', '2024-08-13', 'مصلح', 3, '2024-08-13', 1, 0, '4', 6, NULL, NULL, 'حوش عدن  ', '2024-08-18', '', 1, '2024-08-22', NULL, '0'),
(273, 6085, 5, 5, 225, 'PGGL/0410/2024-2025', '', 'لا يوجد', '', NULL, NULL, NULL, NULL, NULL, NULL, 0, 1, 9, '2024-08-13', '2024-08-22', NULL, '2024-08-13', '2024-08-13', '2024-08-13', 'مصلح', 3, '2024-08-13', 1, 0, '4', 6, NULL, NULL, 'حوش عدن  ', '2024-08-18', '', 1, '2024-08-22', NULL, '0'),
(274, 6086, 5, 5, 226, 'PGGL/0407/2024-2025', '', 'لا يوجد', '', NULL, NULL, NULL, NULL, NULL, NULL, 0, 1, 9, '2024-08-13', '2024-08-22', NULL, '2024-08-13', '2024-08-13', '2024-08-13', 'مصلح', 3, '2024-08-13', 1, 0, '4', 6, NULL, NULL, 'حوش عدن  ', '2024-08-18', '', 1, '2024-08-22', NULL, '0'),
(275, 20257, 56, 60, 256, '3600005414', '', 'CSX24JEAADE037105', '', NULL, NULL, NULL, NULL, NULL, NULL, 0, 1, 1, '2024-08-25', '2024-09-14', NULL, '2024-08-15', '2024-08-25', '2024-09-03', 'وضاح الحكيمي', 3, '2024-08-31', 1, 0, '3', 15, NULL, NULL, 'حوش عدن      ', '2024-09-04', '', 1, '2024-09-13', '2024-09-07', '0'),
(276, 6087, 5, 5, 228, 'PGGL/0412/2024-2025', '', 'لا يوجد', '', NULL, NULL, NULL, NULL, NULL, NULL, 0, 1, 9, '2024-08-14', '2024-08-24', NULL, '2024-08-14', '2024-08-14', '2024-08-14', 'مصلح', 3, '2024-08-14', 1, 0, '4', 6, NULL, NULL, 'حوش عدن  ', '2024-08-22', '', 1, '2024-08-23', NULL, '0'),
(277, 6088, 5, 5, 229, 'PGGL/0409/2024-2025', '', 'لا يوجد', '', NULL, NULL, NULL, NULL, NULL, NULL, 0, 1, 9, '2024-08-14', '2024-08-24', NULL, '2024-08-14', '2024-08-14', '2024-08-14', 'مصلح', 3, '2024-08-14', 1, 0, '4', 6, NULL, NULL, 'حوش عدن  ', '2024-08-22', '', 1, '2024-08-23', NULL, '0'),
(278, 6089, 5, 5, 230, 'PGGL/0411/2024-2025', '', 'لا يوجد', '', NULL, NULL, NULL, NULL, NULL, NULL, 0, 1, 9, '2024-08-15', '2024-08-24', NULL, '2024-08-15', '2024-08-15', '2024-08-15', 'مصلح', 3, '2024-08-15', 1, 0, '4', 6, NULL, NULL, 'حوش عدن  ', '2024-08-22', '', 1, '2024-08-24', NULL, '0'),
(279, 6090, 5, 5, 231, 'PGGL/0418/2024-2025', '', 'لا يوجد', '', NULL, NULL, NULL, NULL, NULL, NULL, 0, 1, 9, '2024-08-16', '2024-08-25', NULL, '2024-08-16', '2024-08-16', '2024-08-16', 'مصلح', 3, '2024-08-16', 1, 0, '4', 6, NULL, NULL, 'حوش عدن  ', '2024-08-22', '', 1, '2024-08-25', NULL, '0'),
(280, 31012, 56, 28, 242, 'EE/1005/24-25', '', '635-07790086', '', NULL, NULL, NULL, NULL, NULL, NULL, 0, 1, 6, '2024-08-20', '2024-08-29', NULL, '2024-08-20', '2024-08-20', '2024-08-20', 'وضاح الحكيمي', 3, '2024-08-20', 1, 0, '2', 11, NULL, NULL, 'حوش عدن  ', '2024-08-21', '', 1, '2024-08-29', '2024-08-25', '0'),
(281, 5071, 35, 35, 235, 'XXXX', '', 'لا يوجد', '', NULL, NULL, NULL, NULL, NULL, NULL, 0, 1, 7, '2024-07-19', '2024-08-20', NULL, '2024-07-19', '2024-07-19', '2024-07-19', 'علي الشرفي', 3, '2024-07-19', 1, 0, '4', 6, NULL, NULL, 'الربيعي  ', '2024-07-25', '', NULL, '2024-07-28', NULL, '0'),
(282, 5072, 57, 61, 236, 'EL/33/2024', '', 'لا يوجد', '', NULL, NULL, NULL, NULL, NULL, NULL, 0, 1, 7, '2024-08-03', '2024-08-20', NULL, '2024-08-03', '2024-08-03', '2024-08-03', 'علي الشرفي', 3, '2024-08-03', 1, 0, '4', 6, NULL, NULL, 'حوش عدن  ', '2024-08-08', '', NULL, '2024-08-12', NULL, '0'),
(283, 6091, 5, 5, 237, 'PGGL/0419/2024-2025', '', 'لا يوجد', '', NULL, NULL, NULL, NULL, NULL, NULL, 0, 1, 9, '2024-08-18', '2024-08-27', NULL, '2024-08-18', '2024-08-18', '2024-08-18', 'مصلح', 3, '2024-08-18', 1, 0, '4', 6, NULL, NULL, 'حوش عدن  ', '2024-08-24', '', 1, '2024-08-27', NULL, '0'),
(284, 6092, 5, 5, 238, 'PGGL/0437/2024-2025', '', 'لا يوجد', '', NULL, NULL, NULL, NULL, NULL, NULL, 0, 1, 9, '2024-08-20', '2024-08-29', NULL, '2024-08-20', '2024-08-20', '2024-08-20', 'مصلح', 3, '2024-08-20', 1, 0, '4', 6, NULL, NULL, 'حوش عدن  ', '2024-08-24', '', 1, '2024-08-29', NULL, '0'),
(285, 6093, 5, 5, 239, 'PGGL/0420/2024-2025', '', 'لا يوجد', '', NULL, NULL, NULL, NULL, NULL, NULL, 0, 1, 9, '2024-08-20', '2024-08-29', NULL, '2024-08-20', '2024-08-20', '2024-08-20', 'مصلح', 3, '2024-08-20', 1, 0, '4', 6, NULL, NULL, 'حوش عدن  ', '2024-08-25', '', 1, '2024-08-29', NULL, '0'),
(286, 6094, 5, 5, 240, 'PGGL/0429/2024-2025', '', 'لا يوجد', '', NULL, NULL, NULL, NULL, NULL, NULL, 0, 1, 9, '2024-08-20', '2024-08-29', NULL, '2024-08-20', '2024-08-20', '2024-08-20', 'مصلح', 3, '2024-08-20', 1, 0, '4', 6, NULL, NULL, 'حوش عدن  ', '2024-08-25', '', 1, '2024-08-29', NULL, '0'),
(287, 6095, 5, 5, 241, 'PGGL/0438/2024-2025', '', 'لا يوجد', '', NULL, NULL, NULL, NULL, NULL, NULL, 0, 1, 9, '2024-08-20', '2024-08-29', NULL, '2024-08-20', '2024-08-20', '2024-08-20', 'وضاح الحكيمي', 3, '2024-08-20', 1, 0, '4', 6, NULL, NULL, 'حوش عدن  ', '2024-08-29', '', 1, '2024-08-29', NULL, '0'),
(288, 90022, 11, 11, 245, 'BOY-2024', '', 'XXX', '', NULL, NULL, NULL, NULL, NULL, NULL, 0, 1, 5, '2024-08-25', '2024-09-05', NULL, '2024-08-25', '2024-08-25', '2024-08-25', 'وضاح الحكيمي', 3, '2024-08-25', 1, 0, '3', 2, NULL, NULL, 'LONDON ', '2024-10-28', '', 1, '2024-09-05', '2024-08-28', '0'),
(289, 5073, 58, 62, 246, 'SAL/2024/0892', '', 'لا يوجد', '', NULL, NULL, NULL, NULL, NULL, NULL, 0, 1, 7, '2024-08-24', '2024-09-02', NULL, '2024-08-24', '2024-08-24', '2024-08-24', 'علي الشرفي', 3, '2024-08-24', 1, 0, '2', 6, NULL, NULL, 'الربيعي  ', '2024-08-29', '', 1, '2024-09-02', NULL, '0'),
(290, 6096, 9, 9, 247, 'MUCT-15961-2024', '', 'لا يوجد', '', NULL, NULL, NULL, NULL, NULL, NULL, 0, 1, 9, '2024-08-27', '2024-09-05', NULL, '2024-08-27', '2024-09-05', '2024-08-27', 'مصلح', 3, '2024-08-27', 1, 0, '4', 6, NULL, NULL, 'حوش عدن  ', '2024-09-05', '', 1, '2024-09-05', NULL, '0'),
(291, 6097, 9, 9, 248, 'MUCT-15960-2024', '', 'لا يوجد', '', NULL, NULL, NULL, NULL, NULL, NULL, 0, 1, 9, '2024-08-27', '2024-09-05', NULL, '2024-08-27', '2024-08-27', '2024-08-27', 'مصلح', 3, '2024-08-27', 1, 0, '4', 6, NULL, NULL, 'حوش عدن  ', '2024-09-05', '', 1, '2024-09-05', NULL, '0'),
(292, 6098, 9, 9, 249, 'MUCT-15959-2024', '', 'لا يوجد', '', NULL, NULL, NULL, NULL, NULL, NULL, 0, 1, 9, '2024-08-27', '2024-09-05', NULL, '2024-08-27', '2024-08-27', '2024-08-27', 'مصلح', 3, '2024-08-27', 1, 0, '4', 6, NULL, NULL, 'حوش عدن  ', '2024-09-05', '', 1, '2024-09-05', NULL, '0'),
(293, 6099, 9, 9, 250, 'MUCT-15962-2024', '', 'لا يوجد', '', NULL, NULL, NULL, NULL, NULL, NULL, 0, 1, 9, '2024-08-27', '2024-09-05', NULL, '2024-08-27', '2024-08-27', '2024-08-27', 'مصلح', 3, '2024-08-27', 1, 0, '4', 6, NULL, NULL, 'حوش عدن  ', '2024-09-05', '', 1, '2024-09-05', NULL, '0'),
(294, 6100, 9, 9, 251, 'MUCT-15963-2024', '', 'لا يوجد', '', NULL, NULL, NULL, NULL, NULL, NULL, 0, 1, 9, '2024-08-27', '2024-09-05', NULL, '2024-08-27', '2024-08-27', '2024-08-27', 'مصلح', 3, '2024-08-27', 1, 0, '4', 6, NULL, NULL, 'حوش عدن  ', '2024-09-05', '', 1, '2024-09-05', NULL, '0'),
(295, 6101, 5, 5, 252, 'PGGL/0462/2024-2025', '', 'لا يوجد', '', NULL, NULL, NULL, NULL, NULL, NULL, 0, 1, 9, '2024-08-29', '2024-09-07', NULL, '2024-08-29', '2024-08-29', '2024-08-29', 'مصلح', 3, '2024-08-29', 1, 0, '4', 6, NULL, NULL, 'حوش عدن  ', '2024-09-05', '', 1, '2024-09-07', NULL, '0'),
(296, 6102, 5, 5, 253, 'PGGL/0466/2024-2025', '', 'لا يوجد', '', NULL, NULL, NULL, NULL, NULL, NULL, 0, 1, 9, '2024-08-29', '2024-09-07', NULL, '2024-08-29', '2024-08-29', '2024-08-29', 'مصلح', 3, '2024-08-29', 1, 0, '4', 6, NULL, NULL, 'حوش عدن  ', '2024-09-05', '', 1, '2024-09-07', NULL, '0'),
(297, 6103, 5, 5, 257, 'PGGL/0490/2024-2025', '', 'لا يوجد', '', NULL, NULL, NULL, NULL, NULL, NULL, 0, 1, 9, '2024-09-01', '2024-09-14', NULL, '2024-09-01', '2024-09-01', '2024-09-01', 'مصلح', 3, '2024-09-01', 1, 0, '4', 6, NULL, NULL, 'حوش عدن  ', '2024-09-07', '', 1, '2024-09-10', NULL, '0'),
(298, 6104, 9, 9, 258, 'MUCT-15976-2024', '', 'لا يوجد', '', NULL, NULL, NULL, NULL, NULL, NULL, 0, 1, 9, '2024-09-05', '2024-09-14', NULL, '2024-09-05', '2024-09-05', '2024-09-05', 'مصلح', 3, '2024-09-05', 1, 0, '4', 6, NULL, NULL, 'حوش عدن  ', '2024-09-12', '', 1, '2024-09-14', NULL, '0'),
(299, 5074, 58, 62, 259, 'SAL/2024/0890', '', 'لا يوجد', '', NULL, NULL, NULL, NULL, NULL, NULL, 0, 1, 7, '2024-09-02', '2024-09-14', NULL, '2024-09-02', '2024-09-02', '2024-09-02', 'علي الشرفي', 3, '2024-09-02', 1, 0, '4', 6, NULL, NULL, 'الربيعي  ', '2024-09-05', '', 1, '2024-09-11', NULL, '0'),
(300, 5075, 35, 35, 260, '2412806-2412819', '', 'لا يوجد', '', NULL, NULL, NULL, NULL, NULL, NULL, 0, 1, 7, '2024-09-05', '2024-09-14', NULL, '2024-09-05', '2024-09-05', '2024-09-05', 'علي الشرفي', 3, '2024-09-05', 2, 0, '4', 6, NULL, NULL, 'الربيعي  ', '2024-09-12', '', 1, '2024-09-14', NULL, '0'),
(301, 5076, 35, 35, 261, '2412818', '', 'لا يوجد', '', NULL, NULL, NULL, NULL, NULL, NULL, 0, 1, 7, '2024-09-07', '2024-09-16', NULL, '2024-09-07', '2024-09-07', '2024-09-07', 'علي الشرفي', 3, '2024-09-07', 1, 0, '4', 6, NULL, NULL, 'الربيعي  ', '2024-09-12', '', 1, '2024-09-16', NULL, '0'),
(302, 6105, 9, 9, 262, 'MUCT-15979-2024	', '', 'لا يوجد', '', NULL, NULL, NULL, NULL, NULL, NULL, 0, 1, 9, '2024-09-06', '2024-09-15', NULL, '2024-09-06', '2024-09-06', '2024-09-06', 'مصلح', 3, '2024-09-06', 1, 0, '4', 6, NULL, NULL, 'حوش عدن  ', '2024-09-12', '', 1, '2024-09-15', NULL, '0'),
(303, 6106, 9, 9, 263, 'MUCT-15980-2024	', '', 'لا يوجد', '', NULL, NULL, NULL, NULL, NULL, NULL, 0, 1, 9, '2024-09-06', '2024-09-15', NULL, '2024-09-06', '2024-09-06', '2024-09-06', 'مصلح', 3, '2024-09-06', 1, 0, '4', 6, NULL, NULL, 'حوش عدن  ', '2024-09-12', '', 1, '2024-09-15', NULL, '0'),
(304, 6107, 9, 9, 264, 'MUCT-15978-2024	', '', 'لا يوجد', '', NULL, NULL, NULL, NULL, NULL, NULL, 0, 1, 9, '2024-09-06', '2024-09-15', NULL, '2024-09-06', '2024-09-06', '2024-09-06', 'مصلح', 3, '2024-09-06', 1, 0, '4', 6, NULL, NULL, 'حوش عدن  ', '2024-09-12', '', 1, '2024-09-15', NULL, '0'),
(305, 6108, 9, 9, 265, 'MUCT-15977-2024	', '', 'لا يوجد', '', NULL, NULL, NULL, NULL, NULL, NULL, 0, 1, 9, '2024-09-06', '2024-09-15', NULL, '2024-09-06', '2024-09-06', '2024-09-06', 'مصلح', 3, '2024-09-06', 1, 0, '4', 6, NULL, NULL, 'حوش عدن   ', '2024-09-12', '', 1, '2024-09-15', NULL, '0'),
(306, 20258, 59, 63, 268, 'SDAL2024071501', '', 'QGD1159527', '', NULL, NULL, NULL, NULL, NULL, NULL, 0, 1, 1, '2024-09-08', '2024-09-30', NULL, '2024-09-08', '2024-09-08', '2024-09-18', 'وضاح الحكيمي', 3, '2024-09-17', 1, 0, '4', 1, NULL, NULL, 'حوش عدن ', '2024-09-21', '', 1, '2024-09-30', NULL, '0'),
(307, 5518, 4, 4, 277, '1160887', '', 'SSZ1516508E', '', NULL, NULL, NULL, NULL, NULL, NULL, 0, 1, 4, '2024-10-12', '2024-10-30', NULL, '2024-09-08', '2024-10-12', '2024-10-19', 'وضاح الحكيمي', 3, '2024-10-17', 0, 1, '3', 1, NULL, NULL, 'ثلاجة عدن   ', '2024-10-20', '', 1, '2024-10-30', '2024-10-21', '0'),
(308, 5519, 4, 4, 277, '1160890', '', 'SSZ1516508B', '', NULL, NULL, NULL, NULL, NULL, NULL, 0, 1, 4, '2024-10-12', '2024-10-30', NULL, '2024-09-08', '2024-10-12', '2024-10-19', 'وضاح الحكيمي', 3, '2024-10-17', 0, 1, '3', 1, NULL, NULL, 'ثلاجة عدن   ', '2024-10-20', '', 1, '2024-10-30', '2024-10-21', '0'),
(309, 5520, 4, 4, 277, '1160891', '', 'SSZ1516508C', '', NULL, NULL, NULL, NULL, NULL, NULL, 0, 1, 4, '2024-10-12', '2024-10-30', NULL, '2024-09-08', '2024-10-12', '2024-10-19', 'وضاح الحكيمي', 3, '2024-10-17', 0, 1, '3', 1, NULL, NULL, 'ثلاجة عدن   ', '2024-10-20', '', 1, '2024-10-30', '2024-10-21', '0'),
(310, 20259, 60, 64, 290, 'VRK-006514', '', 'MBA400140300', '', NULL, NULL, NULL, NULL, NULL, NULL, 0, 1, 1, '2024-10-17', '2024-11-25', NULL, '2024-09-15', '2024-10-17', '2024-11-11', 'وضاح الحكيمي', 3, '2024-11-11', 0, 3, '4', 9, NULL, NULL, 'حوش عدن     ', '2024-11-20', '', 1, '2024-11-20', '2024-11-25', '0'),
(311, 5521, 4, 4, NULL, '1163489', '', 'SSZ1510626B', '', NULL, NULL, NULL, NULL, NULL, NULL, 0, 1, 4, '2024-09-18', '2024-12-03', NULL, '2024-09-18', '2024-09-18', NULL, '', 2, '2024-12-30', 0, 1, '2', 1, NULL, NULL, 'لم تصل الشحنة   ', NULL, '', 1, '2025-01-12', NULL, '40'),
(312, 30006, 47, 50, 267, 'XXX', '', 'SDR24TRYE005112', '', NULL, NULL, NULL, NULL, NULL, NULL, 0, 1, 8, '2024-09-08', '2024-09-18', NULL, '2024-09-08', '2024-09-08', '2024-09-08', 'وضاح الحكيمي', 3, '2024-09-08', 0, 2, '2', 21, NULL, NULL, 'الحصب  ', '2024-09-12', '', NULL, '2024-09-17', '2024-09-15', '0'),
(313, 10796, 20, 20, 270, 'UTL105/24-25', '', 'EMKMUNADE18819', '', NULL, NULL, NULL, NULL, NULL, NULL, 0, 1, 2, '2024-09-22', '2024-10-02', NULL, '2024-09-22', '2024-09-22', '2024-09-25', 'وضاح الحكيمي', 3, '2024-09-18', 15, 0, '3', 4, NULL, NULL, 'هنجر عدن   ', '2024-09-28', '', 1, '2024-10-01', '2024-10-02', '0'),
(314, 10797, 20, 20, 273, 'UTL106/24-25', '', 'EMKMUNADE18878', '', NULL, NULL, NULL, NULL, NULL, NULL, 0, 1, 2, '2024-10-01', '2024-10-12', NULL, '2024-09-22', '2024-10-01', '2024-10-01', 'وضاح الحكيمي', 3, '2024-09-27', 15, 0, '3', 4, NULL, NULL, 'هنجر عدن ', '2024-10-03', '', 1, '2024-10-10', '2024-10-05', '0'),
(315, 10798, 55, 59, 274, 'PCC24080701', '', 'CHN1540283', '', NULL, NULL, NULL, NULL, NULL, NULL, 0, 1, 2, '2024-09-22', '2024-10-12', NULL, '2024-09-22', '2024-09-22', '2024-10-01', 'وضاح الحكيمي', 3, '2024-09-29', 5, 0, '2', 1, NULL, NULL, 'هنجر عدن   ', '2024-10-03', '', 1, '2024-10-12', '2024-10-05', '0'),
(316, 20260, 30, 30, 288, 'MWL-516-2024', '', 'CSS24BLWADE041502', '', NULL, NULL, NULL, NULL, NULL, NULL, 0, 1, 1, '2024-10-17', '2024-11-10', NULL, '2024-09-22', '2024-10-17', '2024-10-29', 'وضاح الحكيمي', 3, '2024-10-28', 5, 0, '3', 15, NULL, NULL, 'الحصب    ', '2024-10-31', '', 1, '2024-11-10', '2024-11-06', '0'),
(317, 5522, 4, 4, NULL, '1169982', '', 'SSZ1524873C', '', NULL, NULL, NULL, NULL, NULL, NULL, 0, 1, 4, '2024-09-29', '2024-12-03', NULL, '2024-09-29', '2024-09-29', NULL, '', 2, '2024-12-14', 0, 1, '2', 1, NULL, NULL, 'لم تصل الشحنة  ', NULL, '', 1, '2024-12-27', NULL, '24'),
(318, 5523, 4, 4, NULL, '1170416', '', 'SSZ1521403B', '', NULL, NULL, NULL, NULL, NULL, NULL, 0, 1, 4, '2024-09-29', '2024-12-03', NULL, '2024-09-29', '2024-09-29', NULL, '', 2, '2024-12-14', 0, 1, '2', 1, NULL, NULL, 'لم تصل الشحنة  ', NULL, '', 1, '2024-12-27', NULL, '24'),
(319, 5524, 4, 4, NULL, '1170421', '', 'SSZ1521403C', '', NULL, NULL, NULL, NULL, NULL, NULL, 0, 1, 4, '2024-09-29', '2024-12-03', NULL, '2024-09-29', '2024-09-29', NULL, '', 2, '2024-12-14', 0, 1, '2', 1, NULL, NULL, ' لم تصل الشحنة  ', NULL, '', 1, '2024-12-27', NULL, '24'),
(320, 5525, 4, 4, NULL, '1172684', '', 'MEDURG939545', '', NULL, NULL, NULL, NULL, NULL, NULL, 0, 1, 4, '2024-11-09', '2024-12-03', NULL, '2024-09-29', '2024-11-09', NULL, '', 2, '2024-12-30', 0, 1, '3', 2, NULL, NULL, 'لم تصل الشحنة   ', NULL, '', 1, '2025-01-10', NULL, '38'),
(321, 10799, 17, 17, 275, '802409620504', '', 'LITNSAADE2400033S', '', NULL, NULL, NULL, NULL, NULL, NULL, 0, 1, 2, '2024-09-26', '2024-10-12', NULL, '2024-09-26', '2024-09-26', '2024-09-26', 'وضاح الحكيمي', 3, '2024-09-27', 1, 0, '2', 14, NULL, NULL, 'حوش عدن ', '2024-10-03', '', 1, '2024-10-10', '2024-10-05', '0'),
(322, 5526, 4, 4, NULL, '1176200', '', 'MEDUE8531083', '', NULL, NULL, NULL, NULL, NULL, NULL, 0, 1, 4, '2024-11-12', '2024-12-03', NULL, '2024-10-03', '2024-11-12', NULL, '', 2, '2024-12-30', 0, 1, '3', 2, NULL, NULL, 'لم تصل الشحنة   ', NULL, '', 1, '2025-01-10', NULL, '38'),
(323, 25045, 52, 56, NULL, '1681/24', '', 'OSLSOKHOD3556924', '', NULL, NULL, NULL, NULL, NULL, NULL, 0, 2, 2, '2024-10-12', '2024-12-03', NULL, '2024-10-12', '2024-10-12', NULL, '', 2, '2024-11-30', 10, 0, '3', 4, NULL, NULL, 'لا يوجد افراج    ', NULL, '', 1, '2024-12-13', NULL, '10'),
(324, 25046, 52, 56, NULL, '1661/24', '', 'OSLSOKHOD3557624', '', NULL, NULL, NULL, NULL, NULL, NULL, 0, 2, 2, '2024-10-12', '2024-12-03', NULL, '2024-10-12', '2024-10-12', NULL, '', 2, '2024-11-30', 10, 0, '3', 4, NULL, NULL, 'لا يوجد افراج ', NULL, '', 1, '2024-12-13', NULL, '10'),
(325, 25047, 36, 36, 294, '1738454321/322/323', '', 'EID0823844', '', NULL, NULL, NULL, NULL, NULL, NULL, 0, 2, 2, '2024-10-12', '2024-12-03', NULL, '2024-10-12', '2024-10-12', '2024-11-01', 'توفيق الحكيمي ', 3, '2024-11-17', 5, 0, '3', 1, NULL, NULL, 'الربيعي   ', '2024-12-02', '', 1, '2024-11-30', NULL, '0'),
(326, 25047, 61, 66, 294, '1248450575/76/77/78', '', 'EID0823844', '', NULL, NULL, NULL, NULL, NULL, NULL, 0, 2, 2, '2024-10-12', '2024-12-03', NULL, '2024-10-12', '2024-10-12', '2024-11-02', 'توفيق الحكيمي ', 3, '2024-11-17', 0, 8, '3', 1, NULL, NULL, 'الربيعي   ', '2024-12-02', '', 1, '2024-11-30', NULL, '0'),
(327, 10800, 20, 20, 278, 'UTL107/24-25', '', 'EMKMUNADE18907', '', NULL, NULL, NULL, NULL, NULL, NULL, 0, 1, 2, '2024-10-09', '2024-10-24', NULL, '2024-10-09', '2024-10-09', '2024-10-22', 'وضاح الحكيمي', 3, '2024-10-09', 10, 0, '3', 4, NULL, NULL, 'هنجر عدن ', '2024-10-23', '', 1, '2024-10-22', NULL, '0'),
(328, 10801, 20, 20, 278, 'UTL108/24-25', '', 'EMKMUNADE18932', '', NULL, NULL, NULL, NULL, NULL, NULL, 0, 1, 2, '2024-10-09', '2024-10-24', NULL, '2024-10-09', '2024-10-09', '2024-10-22', 'وضاح الحكيمي', 3, '2024-10-09', 10, 0, '3', 4, NULL, NULL, 'هنجر عدن ', '2024-10-23', '', 1, '2024-10-22', NULL, '0'),
(329, 10802, 52, 56, 276, '1769/24', '', 'OSLSOKADE3448024', '', NULL, NULL, NULL, NULL, NULL, NULL, 0, 1, 2, '2024-10-12', '2024-10-27', NULL, '2024-10-12', '2024-10-12', '2024-10-15', 'وضاح الحكيمي', 3, '2024-10-13', 7, 0, '3', 4, NULL, NULL, 'حوش عدن     ', '2024-10-17', '', 1, '2024-10-26', '2024-10-22', '0'),
(330, 20261, 42, 65, 289, '3097', '', 'PKG400458800', '', NULL, NULL, NULL, NULL, NULL, NULL, 0, 1, 1, '2024-10-17', '2024-11-25', NULL, '2024-10-12', '2024-10-17', '2024-11-11', 'وضاح الحكيمي', 3, '2024-11-11', 0, 1, '4', 9, NULL, NULL, 'حوش عدن  ', '2024-11-20', '', 1, '2024-11-20', '2024-11-25', '0'),
(331, 5527, 4, 4, NULL, '1180550', '', 'SSZ1537489B', '', NULL, NULL, NULL, NULL, NULL, NULL, 0, 1, 4, '2024-10-15', '2024-12-03', NULL, '2024-10-15', '2024-10-15', NULL, '', 2, '2025-01-04', 0, 1, '2', 1, NULL, NULL, ' لم تصل الشحنة  ', NULL, '', 1, '2025-01-17', NULL, '45'),
(332, 5528, 4, 4, NULL, '1180553', '', 'SSZ1537489A', '', NULL, NULL, NULL, NULL, NULL, NULL, 0, 1, 4, '2024-10-15', '2024-12-03', NULL, '2024-10-15', '2024-10-15', NULL, '', 2, '2025-01-04', 0, 1, '2', 1, NULL, NULL, 'لم تصل الشحنة  ', NULL, '', 1, '2025-01-17', NULL, '45'),
(334, 10803, 52, 56, 291, '1823/24', '', 'OSLSOKADE3476024', '', NULL, NULL, NULL, NULL, NULL, NULL, 0, 1, 2, '2024-10-19', '2024-11-25', NULL, '2024-10-19', '2024-10-22', '2024-11-17', 'وضاح الحكيمي', 3, '2024-11-11', 3, 0, '3', 4, NULL, NULL, 'حوش عدن    ', '2024-11-19', '', 1, '2024-11-24', '2024-11-25', '0'),
(335, 5529, 19, 19, 292, '110920', '', 'COP0276011', '', NULL, NULL, NULL, NULL, NULL, NULL, 0, 1, 4, '2024-11-09', '2024-11-28', NULL, '2024-10-29', '2024-11-09', '2024-11-16', 'وضاح الحكيمي', 3, '2024-11-14', 0, 2, '3', 1, NULL, NULL, 'ثلاجة عدن  ', '2024-11-17', '', 1, '2024-11-27', '2024-11-25', '0');
INSERT INTO `shipment` (`id`, `operationno`, `shippmintno`, `shipgroupno`, `datano`, `pillno`, `pakingno`, `pilno`, `orginalno`, `pillno2`, `pakingno2`, `pilno2`, `orginalno2`, `paperno`, `others`, `shipmtype`, `departmentno`, `sectionno`, `created_at`, `updated_at`, `delete_at`, `sendingdate`, `officedate`, `workerdate`, `workername`, `state`, `dategase`, `park20`, `park40`, `dectype`, `shippingno`, `contatty`, `value`, `relayname`, `relaydate`, `relaycases`, `alarm`, `endallowdate`, `returndate`, `stillday`) VALUES
(336, 6109, 5, 5, 279, 'PGGL/0541/2024-2025', '', 'لا يوجد', '', NULL, NULL, NULL, NULL, NULL, NULL, 0, 1, 9, '2024-09-19', '2024-10-30', NULL, '2024-09-19', '2024-09-19', '2024-09-19', 'مصلح', 3, '2024-09-19', 1, 0, '4', 6, NULL, NULL, 'حوش عدن  ', '2024-09-26', '', NULL, '2024-09-28', NULL, '0'),
(337, 6110, 5, 5, 280, 'PGGL/0540/2024-2025', '', 'لا يوجد', '', NULL, NULL, NULL, NULL, NULL, NULL, 0, 1, 9, '2024-09-19', '2024-10-30', NULL, '2024-09-19', '2024-09-19', '2024-09-19', 'مصلح', 3, '2024-09-19', 1, 0, '4', 6, NULL, NULL, 'حوش عدن  ', '2024-09-26', '', NULL, '2024-09-28', NULL, '0'),
(338, 6111, 7, 7, 281, '5441', '', 'لا يوجد', '', NULL, NULL, NULL, NULL, NULL, NULL, 0, 1, 9, '2024-10-12', '2024-10-30', NULL, '2024-10-12', '2024-10-12', '2024-10-12', 'مصلح', 3, '2024-10-12', 1, 0, '4', 6, NULL, NULL, 'حوش عدن  ', '2024-10-17', '', NULL, '2024-10-21', NULL, '0'),
(339, 6112, 5, 5, 282, 'PGGL/0654/2024-2025', '', 'لا يوجد', '', NULL, NULL, NULL, NULL, NULL, NULL, 0, 1, 9, '2024-10-20', '2024-10-30', NULL, '2024-10-20', '2024-10-20', '2024-10-20', 'مصلح', 3, '2024-10-20', 1, 0, '4', 6, NULL, NULL, 'حوش عدن   ', '2024-10-24', '', NULL, '2024-10-29', NULL, '0'),
(340, 6113, 5, 5, 283, 'PGGL/0653/2024-2025', '', 'لا يوجد', '', NULL, NULL, NULL, NULL, NULL, NULL, 0, 1, 9, '2024-10-20', '2024-10-30', NULL, '2024-10-20', '2024-10-20', '2024-10-20', 'مصلح', 3, '2024-10-20', 1, 0, '4', 6, NULL, NULL, 'حوش عدن  ', '2024-10-24', '', NULL, '2024-10-29', NULL, '0'),
(341, 6114, 5, 5, 284, 'PGGL/0658/2024-2025', '', 'لا يوجد', '', NULL, NULL, NULL, NULL, NULL, NULL, 0, 1, 9, '2024-10-22', '2024-10-31', NULL, '2024-10-22', '2024-10-22', '2024-10-22', 'مصلح', 3, '2024-10-22', 1, 0, '4', 6, NULL, NULL, 'حوش عدن  ', '2024-10-26', '', 1, '2024-10-31', NULL, '0'),
(342, 6115, 5, 5, 285, 'PGGL/0669/2024-2025', '', 'لا يوجد', '', NULL, NULL, NULL, NULL, NULL, NULL, 0, 1, 9, '2024-10-23', '2024-11-02', NULL, '2024-10-23', '2024-10-23', '2024-10-23', 'مصلح', 3, '2024-10-23', 1, 0, '4', 6, NULL, NULL, 'حوش عدن  ', '2024-10-27', '', 1, '2024-11-01', NULL, '0'),
(343, 6116, 5, 5, 286, 'PGGL/0659/2024-2025', '', 'لا يوجد', '', NULL, NULL, NULL, NULL, NULL, NULL, 0, 1, 9, '2024-10-23', '2024-11-02', NULL, '2024-10-23', '2024-10-23', '2024-10-23', 'مصلح', 3, '2024-10-23', 1, 0, '4', 6, NULL, NULL, 'حوش عدن  ', '2024-10-27', '', 1, '2024-11-01', NULL, '0'),
(344, 6117, 5, 5, 287, 'PGGL/0660/2024-2025', '', 'لا يوجد', '', NULL, NULL, NULL, NULL, NULL, NULL, 0, 1, 9, '2024-10-26', '2024-11-04', NULL, '2024-10-26', '2024-10-26', '2024-10-26', 'مصلح', 3, '2024-10-26', 1, 0, '4', 6, NULL, NULL, 'حوش عدن  ', '2024-10-30', '', 1, '2024-11-04', NULL, '0'),
(345, 5530, 4, 4, NULL, '1191712', '', 'SSZ1545781', '', NULL, NULL, NULL, NULL, NULL, NULL, 0, 1, 4, '2024-11-05', '2024-12-03', NULL, '2024-11-05', '2024-11-05', NULL, '', 2, '2024-12-07', 0, 1, '2', 1, NULL, NULL, 'لم تصل الشحنة  ', NULL, '', 1, '2024-12-20', NULL, '17'),
(346, 10804, 20, 20, NULL, 'UTL116/24-25', '', 'EMKMUNADE19058', '', NULL, NULL, NULL, NULL, NULL, NULL, 0, 1, 2, '2024-11-12', '2024-12-03', NULL, '2024-11-12', '2024-11-12', NULL, '', 2, '2024-11-18', 15, 0, '2', 4, NULL, NULL, 'لا يوجد افراج  ', NULL, '', 1, '2024-12-01', NULL, '0'),
(347, 10805, 20, 20, NULL, 'UTL117/24-25', '', 'EMKMUNADE19119', '', NULL, NULL, NULL, NULL, NULL, NULL, 0, 1, 2, '2024-11-12', '2024-12-03', NULL, '2024-11-12', '2024-11-12', NULL, '', 2, '2024-11-11', 15, 0, '2', 4, NULL, NULL, 'لا يوجد افراج', NULL, '', 1, '2024-11-24', NULL, '0'),
(348, 10806, 52, 56, NULL, '2070/24', '', 'OSLSOKADE3657124', '', NULL, NULL, NULL, NULL, NULL, NULL, 0, 1, 2, '2024-11-19', '2024-12-02', NULL, '2024-11-19', '2024-11-19', NULL, '', 2, '2024-11-19', 10, 0, '2', 4, NULL, NULL, 'لم تصل الشحنة ', NULL, '', 1, '2024-12-02', NULL, '0'),
(349, 5531, 4, 4, NULL, '1180355', '', 'SSZ1533053', '', NULL, NULL, NULL, NULL, NULL, NULL, 0, 1, 4, '2024-11-28', '2024-12-03', NULL, '2024-11-28', '2024-11-28', NULL, '', 2, '2024-12-14', 0, 1, '3', 1, NULL, NULL, 'لم تصل الشحنة ', NULL, '', 1, '2024-12-27', NULL, '24'),
(350, 5532, 4, 4, NULL, '1180348', '', 'SSZ1538287', '', NULL, NULL, NULL, NULL, NULL, NULL, 0, 1, 4, '2024-11-28', '2024-12-03', NULL, '2024-11-28', '2024-11-28', NULL, '', 2, '2024-12-28', 0, 1, '3', 1, NULL, NULL, 'لم تصل الشحنة ', NULL, '', 1, '2025-01-10', NULL, '38'),
(351, 5533, 4, 4, NULL, '1190089', '', 'SSZ1547900A', '', NULL, NULL, NULL, NULL, NULL, NULL, 0, 1, 4, '2024-11-28', '2024-12-03', NULL, '2024-11-28', '2024-11-28', NULL, '', 2, '2025-01-25', 0, 3, '2', 1, NULL, NULL, 'لم تصل الشحنة ', NULL, '', 1, '2025-02-07', NULL, '66'),
(352, 5534, 4, 4, NULL, '1175995', '', 'SSZ1525244B', '', NULL, NULL, NULL, NULL, NULL, NULL, 0, 1, 4, '2024-11-28', '2024-12-03', NULL, '2024-11-28', '2024-11-28', NULL, '', 2, '2024-12-05', 0, 1, '2', 1, NULL, NULL, 'لم تصل الشحنة ', NULL, '', 1, '2024-12-18', NULL, '15'),
(353, 6118, 28, 28, 295, '07534/24', '', 'لا يوجد', '', NULL, NULL, NULL, NULL, NULL, NULL, 0, 1, 9, '2024-11-24', '2024-12-03', NULL, '2024-11-24', '2024-11-24', '2024-11-24', 'مصلح', 3, '2024-11-24', 1, 0, '4', 6, NULL, NULL, 'حوش عدن  ', '2024-12-01', '', NULL, '2024-12-03', NULL, '1');

-- --------------------------------------------------------

--
-- بنية الجدول `shipping_line`
--

CREATE TABLE `shipping_line` (
  `id` int(11) NOT NULL,
  `name` text NOT NULL,
  `campany_name` text NOT NULL,
  `time` int(11) NOT NULL,
  `created_at` date DEFAULT NULL,
  `updated_at` date DEFAULT NULL,
  `delete_at` date DEFAULT NULL
) ENGINE=InnoDB DEFAULT CHARSET=utf8;

--
-- إرجاع أو استيراد بيانات الجدول `shipping_line`
--

INSERT INTO `shipping_line` (`id`, `name`, `campany_name`, `time`, `created_at`, `updated_at`, `delete_at`) VALUES
(1, 'GMA CGM', 'GMA CGM', 14, '2023-01-08', '2023-01-08', NULL),
(2, 'MSC', 'MSC', 12, '2023-01-08', '2023-01-08', NULL),
(3, 'MAERSK', 'MAERSK', 10, '2023-01-08', '2023-01-08', NULL),
(4, 'الشرق الأوسط ', 'الشرق الأوسط ', 14, '2023-01-08', '2023-01-08', NULL),
(5, 'MAERSK-S', 'MAERSK-S', 12, '2023-01-08', '2023-01-08', NULL),
(6, 'لا يوجد ', 'لا يوجد ', 10, '2023-01-08', '2023-01-08', NULL),
(7, 'HAPAG', 'HAPAG', 14, '2023-02-18', '2023-02-18', NULL),
(8, 'HMM', 'HMM', 14, '2023-04-04', '2023-04-04', NULL),
(9, 'PIL', 'PIL', 10, '2023-05-07', '2023-05-07', NULL),
(10, 'جرين يمن ', 'جرين يمن ', 14, '2023-06-01', '2023-06-01', NULL),
(11, 'مطار عدن ', 'مطار عدن', 10, '2023-07-15', '2023-07-15', NULL),
(12, 'الرابط العالمي', 'الرابط العالمي', 14, '2023-08-03', '2023-08-03', NULL),
(13, 'PIL-H', 'PIL-H', 14, '2023-08-16', '2023-08-16', NULL),
(14, 'SABA', 'SABA', 14, '2023-09-16', '2023-09-16', NULL),
(15, 'CSL', 'CSL', 14, '2023-11-08', '2023-11-08', NULL),
(16, 'بكاري', 'بكاري', 14, '2023-11-15', '2023-11-15', NULL),
(17, 'الحديدة', 'الحديدة', 14, '2024-04-01', '2024-04-01', NULL),
(18, 'SPEED LINE', 'SPEED LINE', 14, '2024-05-20', '2024-05-20', NULL),
(20, 'التوكيلات الدولية', 'التوكيلات الدولية ', 21, NULL, NULL, NULL),
(21, 'SABA-10', 'SABA-10', 10, '2024-09-18', '2024-09-18', NULL);

-- --------------------------------------------------------

--
-- بنية الجدول `shippmint`
--

CREATE TABLE `shippmint` (
  `id` int(11) NOT NULL,
  `name` varchar(255) NOT NULL,
  `contenty` int(11) DEFAULT NULL,
  `value` int(11) DEFAULT NULL,
  `type` int(11) NOT NULL,
  `created_at` date DEFAULT NULL,
  `updated_at` date DEFAULT NULL,
  `delete_at` date DEFAULT NULL
) ENGINE=InnoDB DEFAULT CHARSET=utf8;

--
-- إرجاع أو استيراد بيانات الجدول `shippmint`
--

INSERT INTO `shippmint` (`id`, `name`, `contenty`, `value`, `type`, `created_at`, `updated_at`, `delete_at`) VALUES
(1, 'مركزات سن كويك ', NULL, NULL, 0, '2023-01-08', '2023-01-08', NULL),
(2, 'كراميل ', NULL, NULL, 0, '2023-01-08', '2023-01-08', NULL),
(3, 'نترسول ', NULL, NULL, 0, '2023-01-08', '2023-01-08', NULL),
(4, 'دجاج مجمد شركة سيرا', NULL, NULL, 0, '2023-01-08', '2023-01-08', NULL),
(5, 'قوارير فارغة', NULL, NULL, 0, '2023-01-08', '2023-01-08', NULL),
(6, 'اغطية برطمانات ', NULL, NULL, 0, '2023-02-18', '2023-02-18', NULL),
(7, 'نكهات ', NULL, NULL, 0, '2023-03-30', '2023-03-30', NULL),
(8, 'عبوات تغليف', NULL, NULL, 0, '2023-04-04', '2023-04-04', NULL),
(9, 'مخفف طلاء', NULL, NULL, 0, '2023-04-19', '2023-04-19', NULL),
(10, 'خزانات زنك المنيوم', NULL, NULL, 0, '2023-05-07', '2023-05-07', NULL),
(11, 'بن صادر', NULL, NULL, 0, '2023-06-01', '2023-06-01', NULL),
(12, 'جهاز غلاية', NULL, NULL, 0, '2023-06-22', '2023-06-22', NULL),
(13, 'صفيح وتوابع إماراتي', NULL, NULL, 0, '2023-07-13', '2023-07-13', NULL),
(14, 'بودرة جزر', NULL, NULL, 0, '2023-07-15', '2023-07-15', NULL),
(15, 'أملتكس', NULL, NULL, 0, '2023-08-02', '2023-08-02', NULL),
(16, 'صفيح هندي ', NULL, NULL, 0, '2023-08-02', '2023-08-02', NULL),
(17, 'أمونيا', NULL, NULL, 0, '2023-08-03', '2023-08-03', NULL),
(18, 'بلكستول', NULL, NULL, 0, '2023-08-03', '2023-08-03', NULL),
(19, 'جبن دنماركي', NULL, NULL, 0, '2023-08-10', '2023-08-10', NULL),
(20, 'معجون كيمي بودر', NULL, NULL, 0, '2023-08-16', '2023-08-16', NULL),
(21, 'مكملات غذائية', NULL, NULL, 0, '2023-09-16', '2023-09-16', NULL),
(22, 'كربونات تركي ', NULL, NULL, 0, '2023-10-01', '2023-10-01', NULL),
(23, 'كربونات أردني', NULL, NULL, 0, '2023-10-01', '2023-10-01', NULL),
(24, 'جلوكوز ', NULL, NULL, 0, '2023-10-22', '2023-10-22', NULL),
(25, 'باريوم سولفات ', NULL, NULL, 0, '2023-10-29', '2023-10-29', NULL),
(26, 'قالب بسكويت ', NULL, NULL, 0, '2023-10-31', '2023-10-31', NULL),
(27, 'كربونات كالسيوم ', NULL, NULL, 0, '2023-11-06', '2023-11-06', NULL),
(28, 'أغطية مروحية', NULL, NULL, 0, '2023-11-08', '2023-11-08', NULL),
(29, 'أغطية سن كويك ', NULL, NULL, 0, '2023-11-08', '2023-11-08', NULL),
(30, 'سمن نباتي', NULL, NULL, 0, '2023-11-08', '2023-11-08', NULL),
(31, 'كالكوست ليكود', NULL, NULL, 0, '2023-11-15', '2023-11-15', NULL),
(32, 'هزاز بسكويت', NULL, NULL, 0, '2023-11-22', '2023-11-22', NULL),
(33, 'رولات تغليف', NULL, NULL, 0, '2023-11-22', '2023-11-22', NULL),
(34, 'قوارير قطر', NULL, NULL, 0, '2023-11-27', '2023-11-27', NULL),
(35, 'سطول بلاستيكية ', NULL, NULL, 0, '2023-12-10', '2023-12-10', NULL),
(36, 'مايكرون طلك', NULL, NULL, 0, '2023-12-13', '2023-12-13', NULL),
(37, 'اكتسايد', NULL, NULL, 0, '2023-12-13', '2023-12-13', NULL),
(38, 'أكيوسول', NULL, NULL, 0, '2023-12-20', '2023-12-20', NULL),
(39, 'بنتون', NULL, NULL, 0, '2023-12-20', '2023-12-20', NULL),
(40, 'تكسانول', NULL, NULL, 0, '2023-12-20', '2023-12-20', NULL),
(41, 'سيرداس', NULL, NULL, 0, '2023-12-20', '2023-12-20', NULL),
(42, 'روائح بسكويت', NULL, NULL, 0, '2023-12-26', '2023-12-26', NULL),
(43, 'ستريك اسيد', NULL, NULL, 0, '2024-01-01', '2024-01-01', NULL),
(44, 'قطع غيار', NULL, NULL, 0, '2024-01-07', '2024-01-07', NULL),
(45, 'ترجيتول', NULL, NULL, 0, '2024-01-17', '2024-01-17', NULL),
(46, 'قطع غيار خط البسكويت', NULL, NULL, 0, '2024-03-09', '2024-03-09', NULL),
(47, 'مستلزمات', NULL, NULL, 0, '2024-04-27', '2024-04-27', NULL),
(48, 'هلوجين بلو ', NULL, NULL, 0, '2024-04-27', '2024-04-27', NULL),
(49, 'الكيد ايجل سعودي ', NULL, NULL, 0, '2024-05-07', '2024-05-07', NULL),
(50, 'قطع غيار مكائن تغليف الشاهي', NULL, NULL, 0, '2024-05-18', '2024-05-18', NULL),
(51, 'انبولات بلاستيكية', NULL, NULL, 0, '2024-05-20', '2024-05-20', NULL),
(52, 'الكيد ايجل', NULL, NULL, 0, '2024-06-03', '2024-06-03', NULL),
(53, 'اوكسايد ريد ', NULL, NULL, 0, '2024-07-21', '2024-07-21', NULL),
(54, 'ليثابون', NULL, NULL, 0, '2024-07-21', '2024-07-21', NULL),
(55, 'تيتانيوم', NULL, NULL, 0, '2024-07-21', '2024-07-21', NULL),
(56, 'أغطية', NULL, NULL, 0, '2024-08-15', '2024-08-15', NULL),
(57, 'تغليفات', NULL, NULL, 0, '2024-08-20', '2024-08-20', NULL),
(58, 'صفيح', NULL, NULL, 0, '2024-08-31', '2024-08-31', NULL),
(59, 'بروبلين جليكول', NULL, NULL, 0, '2024-09-08', '2024-09-08', NULL),
(60, 'شاهي', NULL, NULL, 0, '2024-09-15', '2024-09-15', NULL),
(61, 'جلازكس ', NULL, NULL, 0, '2024-10-12', '2024-10-12', NULL);

-- --------------------------------------------------------

--
-- بنية الجدول `users`
--

CREATE TABLE `users` (
  `id` int(11) NOT NULL,
  `name` text NOT NULL,
  `password` text NOT NULL,
  `phone` text NOT NULL,
  `mobile` text NOT NULL,
  `usertype` int(11) NOT NULL,
  `updated_at` date DEFAULT NULL,
  `delete_at` date DEFAULT NULL,
  `created_at` date DEFAULT NULL
) ENGINE=InnoDB DEFAULT CHARSET=utf8;

--
-- إرجاع أو استيراد بيانات الجدول `users`
--

INSERT INTO `users` (`id`, `name`, `password`, `phone`, `mobile`, `usertype`, `updated_at`, `delete_at`, `created_at`) VALUES
(1, 'تمام محمد ', '775567672', '7777980099', '66980099', 1, '2024-02-04', '0000-00-00', '0000-00-00'),
(2, 'الزبيري', '12345678', '777066658', '777066658', 2, NULL, NULL, NULL);

--
-- Indexes for dumped tables
--

--
-- Indexes for table `alarms`
--
ALTER TABLE `alarms`
  ADD PRIMARY KEY (`id`);

--
-- Indexes for table `data`
--
ALTER TABLE `data`
  ADD PRIMARY KEY (`id`),
  ADD UNIQUE KEY `unique` (`id`),
  ADD UNIQUE KEY `datano_2` (`datano`),
  ADD KEY `datano` (`datano`);

--
-- Indexes for table `departement`
--
ALTER TABLE `departement`
  ADD PRIMARY KEY (`id`);

--
-- Indexes for table `section`
--
ALTER TABLE `section`
  ADD PRIMARY KEY (`id`);

--
-- Indexes for table `shipgroup`
--
ALTER TABLE `shipgroup`
  ADD PRIMARY KEY (`id`);

--
-- Indexes for table `shipment`
--
ALTER TABLE `shipment`
  ADD PRIMARY KEY (`id`),
  ADD KEY `shippingno` (`shippingno`),
  ADD KEY `shippingno_2` (`shippingno`),
  ADD KEY `shippmintno` (`shippmintno`);

--
-- Indexes for table `shipping_line`
--
ALTER TABLE `shipping_line`
  ADD PRIMARY KEY (`id`);

--
-- Indexes for table `shippmint`
--
ALTER TABLE `shippmint`
  ADD PRIMARY KEY (`id`);

--
-- Indexes for table `users`
--
ALTER TABLE `users`
  ADD PRIMARY KEY (`id`);

--
-- AUTO_INCREMENT for dumped tables
--

--
-- AUTO_INCREMENT for table `alarms`
--
ALTER TABLE `alarms`
  MODIFY `id` int(11) NOT NULL AUTO_INCREMENT;

--
-- AUTO_INCREMENT for table `data`
--
ALTER TABLE `data`
  MODIFY `id` int(11) NOT NULL AUTO_INCREMENT, AUTO_INCREMENT=296;

--
-- AUTO_INCREMENT for table `departement`
--
ALTER TABLE `departement`
  MODIFY `id` int(11) NOT NULL AUTO_INCREMENT, AUTO_INCREMENT=5;

--
-- AUTO_INCREMENT for table `section`
--
ALTER TABLE `section`
  MODIFY `id` int(11) NOT NULL AUTO_INCREMENT, AUTO_INCREMENT=10;

--
-- AUTO_INCREMENT for table `shipgroup`
--
ALTER TABLE `shipgroup`
  MODIFY `id` int(11) NOT NULL AUTO_INCREMENT, AUTO_INCREMENT=67;

--
-- AUTO_INCREMENT for table `shipment`
--
ALTER TABLE `shipment`
  MODIFY `id` int(11) NOT NULL AUTO_INCREMENT, AUTO_INCREMENT=354;

--
-- AUTO_INCREMENT for table `shipping_line`
--
ALTER TABLE `shipping_line`
  MODIFY `id` int(11) NOT NULL AUTO_INCREMENT, AUTO_INCREMENT=22;

--
-- AUTO_INCREMENT for table `shippmint`
--
ALTER TABLE `shippmint`
  MODIFY `id` int(11) NOT NULL AUTO_INCREMENT, AUTO_INCREMENT=62;

--
-- AUTO_INCREMENT for table `users`
--
ALTER TABLE `users`
  MODIFY `id` int(11) NOT NULL AUTO_INCREMENT, AUTO_INCREMENT=3;
COMMIT;

/*!40101 SET CHARACTER_SET_CLIENT=@OLD_CHARACTER_SET_CLIENT */;
/*!40101 SET CHARACTER_SET_RESULTS=@OLD_CHARACTER_SET_RESULTS */;
/*!40101 SET COLLATION_CONNECTION=@OLD_COLLATION_CONNECTION */;
